Date,Open,High,Low,Close,Adj Close,Volume
2012-04-12,33.25,34.209999084472656,32.0,34.0,22.489849090576172,654700
2012-04-13,34.0,37.45000076293945,33.90999984741211,37.0,24.474239349365234,1685000
2012-04-16,37.0,37.0,35.9900016784668,36.54999923706055,24.176578521728516,550200
2012-04-17,36.400001525878906,36.75,36.0,36.0,23.812774658203125,179600
2012-04-18,36.0,36.439998626708984,34.5,36.0,23.812774658203125,207100
2012-04-19,36.0,37.220001220703125,35.79999923706055,36.0,23.812774658203125,598100
2012-04-20,36.099998474121094,37.0,36.099998474121094,36.31999969482422,24.024431228637695,149700
2012-04-23,36.2400016784668,36.2400016784668,35.41999816894531,35.68000030517578,23.601102828979492,95700
2012-04-24,36.0,36.0,34.68000030517578,34.75,22.985942840576172,124500
2012-04-25,34.79999923706055,35.5,34.5,34.75,22.985942840576172,266200
2012-04-26,34.61000061035156,34.9900016784668,34.439998626708984,34.95000076293945,23.11823844909668,183900
2012-04-27,35.25,35.25,33.970001220703125,34.11000061035156,22.562599182128906,536000
2012-04-30,34.34000015258789,34.900001525878906,34.0,34.04999923706055,22.522916793823242,4105700
2012-05-01,33.7400016784668,34.099998474121094,32.58000183105469,32.7599983215332,21.669626235961914,6878600
2012-05-02,32.599998474121094,32.66999816894531,31.6299991607666,32.0,21.166913986206055,11287600
2012-05-03,31.93000030517578,31.979999542236328,31.049999237060547,31.389999389648438,20.763416290283203,11800000
2012-05-04,30.850000381469727,31.09000015258789,30.1200008392334,30.15999984741211,19.94981575012207,10881000
2012-05-07,30.100000381469727,30.549999237060547,29.25,29.350000381469727,19.414031982421875,12257200
2012-05-08,29.09000015258789,30.40999984741211,28.75,30.100000381469727,19.910127639770508,14601300
2012-05-09,29.809999465942383,32.88999938964844,29.729999542236328,32.4900016784668,21.49103355407715,13990000
2012-05-10,33.04999923706055,33.349998474121094,31.520000457763672,32.47999954223633,21.484420776367188,8862000
2012-05-11,31.729999542236328,32.150001525878906,31.399999618530273,31.829999923706055,21.054468154907227,4460100
2012-05-14,31.190000534057617,31.579999923706055,30.770000457763672,31.31999969482422,20.71711540222168,6398200
2012-05-15,31.350000381469727,32.31999969482422,31.059999465942383,31.670000076293945,20.948627471923828,6362800
2012-05-16,31.459999084472656,32.38999938964844,31.25,32.099998474121094,21.233062744140625,6118600
2012-05-17,31.889999389648438,32.0,31.200000762939453,31.260000228881836,20.677431106567383,5850500
2012-05-18,31.43000030517578,31.690000534057617,30.989999771118164,31.3799991607666,20.75680160522461,7940800
2012-05-21,31.229999542236328,32.34000015258789,30.950000762939453,32.189998626708984,21.292593002319336,5480100
2012-05-22,31.8799991607666,32.27000045776367,31.329999923706055,31.6299991607666,20.922170639038086,5415000
2012-05-23,31.350000381469727,31.489999771118164,30.8799991607666,31.40999984741211,20.776653289794922,5268900
2012-05-24,31.420000076293945,31.440000534057617,30.75,31.1299991607666,20.591434478759766,4210400
2012-05-25,31.010000228881836,31.40999984741211,30.829999923706055,31.299999237060547,20.703886032104492,3217900
2012-05-29,31.280000686645508,31.719999313354492,30.860000610351562,31.010000228881836,20.51206398010254,3979600
2012-05-30,30.790000915527344,30.829999923706055,30.18000030517578,30.440000534057617,20.135028839111328,6000600
2012-05-31,30.260000228881836,30.350000381469727,29.719999313354492,30.030000686645508,19.86383056640625,8098000
2012-06-01,29.5,30.170000076293945,29.3799991607666,29.920000076293945,19.791061401367188,5701700
2012-06-04,29.299999237060547,30.190000534057617,29.25,29.530000686645508,19.533098220825195,4844900
2012-06-05,29.3700008392334,30.100000381469727,29.31999969482422,29.899999618530273,19.7778377532959,4046500
2012-06-06,30.030000686645508,32.0,29.81999969482422,31.530000686645508,20.856016159057617,8609400
2012-06-07,32.06999969482422,32.75,31.739999771118164,31.829999923706055,21.054468154907227,7694300
2012-06-08,31.65999984741211,32.349998474121094,31.510000228881836,32.119998931884766,21.24628448486328,4302100
2012-06-11,32.45000076293945,33.04999923706055,32.22999954223633,32.599998474121094,21.563793182373047,5999000
2012-06-12,32.560001373291016,33.7400016784668,32.4900016784668,33.4900016784668,22.152503967285156,6809900
2012-06-13,33.27000045776367,33.4900016784668,32.540000915527344,32.77000045776367,21.67623519897461,2876200
2012-06-14,32.77000045776367,33.63999938964844,32.310001373291016,33.529998779296875,22.178955078125,4460000
2012-06-15,33.599998474121094,34.90999984741211,33.380001068115234,34.900001525878906,23.085166931152344,9892400
2012-06-18,34.380001068115234,34.5,33.83000183105469,33.86000061035156,22.397239685058594,4254400
2012-06-19,34.060001373291016,34.529998779296875,33.72999954223633,33.86000061035156,22.397239685058594,4873500
2012-06-20,33.790000915527344,34.849998474121094,33.47999954223633,34.65999984741211,22.926424026489258,4628400
2012-06-21,34.70000076293945,34.7599983215332,33.060001373291016,33.47999954223633,22.145891189575195,3489900
2012-06-22,33.650001525878906,34.709999084472656,33.029998779296875,34.15999984741211,22.595678329467773,4359500
2012-06-25,33.689998626708984,33.689998626708984,32.7599983215332,32.869998931884766,21.742389678955078,3518600
2012-06-26,32.810001373291016,33.97999954223633,32.400001525878906,32.58000183105469,21.550559997558594,3274700
2012-06-27,32.61000061035156,33.400001525878906,31.420000076293945,31.889999389648438,21.09415054321289,3615600
2012-06-28,31.540000915527344,32.400001525878906,31.290000915527344,32.310001373291016,21.371973037719727,3115900
2012-06-29,32.779998779296875,33.380001068115234,32.650001525878906,33.2400016784668,21.98713493347168,4599500
2012-07-02,33.59000015258789,34.31999969482422,33.369998931884766,34.0,22.489849090576172,3868500
2012-07-03,34.02000045776367,34.630001068115234,33.83000183105469,34.2400016784668,22.648597717285156,3647400
2012-07-05,33.83000183105469,34.2400016784668,33.540000915527344,33.79999923706055,22.3575496673584,2711300
2012-07-06,33.400001525878906,33.68000030517578,32.91999816894531,33.369998931884766,22.0731258392334,1907800
2012-07-09,33.08000183105469,33.7599983215332,32.650001525878906,33.25,21.99374771118164,2264600
2012-07-10,33.470001220703125,33.470001220703125,32.5,32.68000030517578,21.616710662841797,2972900
2012-07-11,32.65999984741211,33.63999938964844,32.349998474121094,33.47999954223633,22.145891189575195,2583000
2012-07-12,33.150001525878906,33.189998626708984,32.54999923706055,33.0099983215332,21.83499526977539,3505600
2012-07-13,33.61000061035156,35.08000183105469,33.5099983215332,34.939998626708984,23.11161994934082,4801300
2012-07-16,34.689998626708984,36.119998931884766,34.560001373291016,36.099998474121094,23.878923416137695,4895700
2012-07-17,36.15999984741211,36.79999923706055,35.86000061035156,36.689998626708984,24.269182205200195,3604100
2012-07-18,36.650001525878906,37.66999816894531,36.59000015258789,37.099998474121094,24.540393829345703,2839200
2012-07-19,36.91999816894531,37.0,35.5,35.599998474121094,23.67582130432129,3758600
2012-07-20,35.18000030517578,35.439998626708984,34.90999984741211,35.31999969482422,23.489608764648438,3290000
2012-07-23,34.790000915527344,35.279998779296875,34.5,35.02000045776367,23.290088653564453,3245900
2012-07-24,35.25,35.41999816894531,34.61000061035156,35.22999954223633,23.42975425720215,2351600
2012-07-25,35.599998474121094,35.88999938964844,34.869998931884766,35.400001525878906,23.542810440063477,3551300
2012-07-26,35.7599983215332,36.060001373291016,35.59000015258789,35.959999084472656,23.915233612060547,2951300
2012-07-27,36.22999954223633,36.90999984741211,35.900001525878906,36.52000045776367,24.287673950195312,6158600
2012-07-30,36.86000061035156,37.650001525878906,36.83000183105469,37.650001525878906,25.039188385009766,2830300
2012-07-31,37.7400016784668,38.36000061035156,37.5099983215332,37.599998474121094,25.005922317504883,6958400
2012-08-01,39.08000183105469,40.18000030517578,37.779998779296875,38.27000045776367,25.45151138305664,6639700
2012-08-02,37.939998626708984,39.06999969482422,37.84000015258789,38.29999923706055,25.47146224975586,4434800
2012-08-03,38.599998474121094,39.849998474121094,38.599998474121094,39.66999816894531,26.382591247558594,4516000
2012-08-06,39.939998626708984,40.349998474121094,39.77000045776367,40.06999969482422,26.648611068725586,3405100
2012-08-07,40.38999938964844,40.83000183105469,39.59000015258789,39.77000045776367,26.449087142944336,4636800
2012-08-08,39.599998474121094,40.20000076293945,39.459999084472656,40.150001525878906,26.701810836791992,4002600
2012-08-09,39.900001525878906,40.599998474121094,39.880001068115234,40.31999969482422,26.814865112304688,2888200
2012-08-10,40.2599983215332,40.43000030517578,39.75,40.0,26.602048873901367,2107700
2012-08-13,39.86000061035156,40.349998474121094,39.77000045776367,40.150001525878906,26.701810836791992,2213500
2012-08-14,40.189998626708984,40.45000076293945,39.79999923706055,39.93000030517578,26.555490493774414,2533900
2012-08-15,40.540000915527344,40.65999984741211,39.93000030517578,40.36000061035156,26.841463088989258,4009400
2012-08-16,40.529998779296875,41.2599983215332,40.369998931884766,41.18000030517578,27.386804580688477,3862100
2012-08-17,41.619998931884766,42.93000030517578,41.470001220703125,42.77000045776367,28.44424057006836,5536300
2012-08-20,42.869998931884766,43.45000076293945,42.75,43.06999969482422,28.643762588500977,3809500
2012-08-21,43.380001068115234,43.380001068115234,41.4900016784668,41.54999923706055,27.63288116455078,4469400
2012-08-22,41.36000061035156,41.529998779296875,40.41999816894531,41.47999954223633,27.586326599121094,4384500
2012-08-23,41.47999954223633,41.630001068115234,41.04999923706055,41.33000183105469,27.486560821533203,1996300
2012-08-24,41.150001525878906,41.540000915527344,40.7400016784668,41.36000061035156,27.50651741027832,2562300
2012-08-27,41.43000030517578,42.38999938964844,40.970001220703125,41.06999969482422,27.31365966796875,3779200
2012-08-28,40.900001525878906,42.470001220703125,40.900001525878906,41.959999084472656,27.90555191040039,3770300
2012-08-29,41.900001525878906,42.38999938964844,41.650001525878906,41.97999954223633,27.918853759765625,2674300
2012-08-30,41.790000915527344,42.70000076293945,41.619998931884766,42.47999954223633,28.251379013061523,2523800
2012-08-31,42.70000076293945,43.0,41.099998474121094,42.0,27.932140350341797,5791200
2012-09-04,42.06999969482422,42.45000076293945,41.47999954223633,42.40999984741211,28.2048282623291,2620700
2012-09-05,42.4900016784668,42.58000183105469,41.43000030517578,41.7400016784668,27.759239196777344,2881800
2012-09-06,42.15999984741211,43.7400016784668,42.15999984741211,43.41999816894531,28.87652015686035,4222200
2012-09-07,43.47999954223633,44.310001373291016,43.36000061035156,44.2599983215332,29.435171127319336,3458100
2012-09-10,43.93000030517578,44.849998474121094,43.93000030517578,44.540000915527344,29.621374130249023,4417300
2012-09-11,44.63999938964844,46.099998474121094,44.459999084472656,45.59000015258789,30.31968879699707,6304700
2012-09-12,46.13999938964844,47.40999984741211,46.040000915527344,46.279998779296875,30.77857208251953,5269800
2012-09-13,46.29999923706055,46.849998474121094,45.369998931884766,46.63999938964844,31.017993927001953,5292000
2012-09-14,47.15999984741211,48.220001220703125,46.0099983215332,46.72999954223633,31.077842712402344,6718600
2012-09-17,46.16999816894531,46.970001220703125,46.0,46.13999938964844,30.685462951660156,4833400
2012-09-18,45.529998779296875,45.779998779296875,44.439998626708984,45.52000045776367,30.273136138916016,6108200
2012-09-19,45.529998779296875,46.599998474121094,45.5099983215332,45.56999969482422,30.306373596191406,3505400
2012-09-20,45.38999938964844,46.310001373291016,45.16999816894531,45.779998779296875,30.446044921875,3233500
2012-09-21,46.040000915527344,47.09000015258789,46.040000915527344,46.81999969482422,31.137704849243164,5960500
2012-09-24,46.689998626708984,46.91999816894531,46.2599983215332,46.7400016784668,31.08449935913086,2453800
2012-09-25,47.0,47.29999923706055,45.959999084472656,45.97999954223633,30.579069137573242,2912200
2012-09-26,45.689998626708984,46.33000183105469,45.22999954223633,45.529998779296875,30.27977752685547,3626000
2012-09-27,45.79999923706055,46.7400016784668,45.68000030517578,46.529998779296875,30.94483757019043,3180100
2012-09-28,46.43000030517578,46.529998779296875,46.02000045776367,46.369998931884766,30.838422775268555,3253700
2012-10-01,46.599998474121094,47.02000045776367,46.2599983215332,46.560001373291016,30.964778900146484,2785500
2012-10-02,46.68000030517578,46.959999084472656,46.27000045776367,46.41999816894531,30.871685028076172,2911900
2012-10-03,46.27000045776367,46.40999984741211,45.0,45.15999984741211,30.033714294433594,5392000
2012-10-04,45.59000015258789,45.65999984741211,45.08000183105469,45.38999938964844,30.186674118041992,6196000
2012-10-05,45.869998931884766,47.68000030517578,45.7599983215332,46.02000045776367,30.605663299560547,7658200
2012-10-08,45.959999084472656,46.56999969482422,45.560001373291016,45.93000030517578,30.54579734802246,3414600
2012-10-09,46.15999984741211,46.75,46.060001373291016,46.09000015258789,30.652206420898438,3667800
2012-10-10,46.02000045776367,46.33000183105469,44.689998626708984,45.150001525878906,30.027067184448242,5564600
2012-10-11,45.380001068115234,45.650001525878906,44.56999969482422,44.599998474121094,29.826433181762695,4600600
2012-10-12,44.33000183105469,44.619998931884766,42.45000076293945,43.91999816894531,29.37168312072754,6634300
2012-10-15,43.849998474121094,44.43000030517578,43.40999984741211,44.380001068115234,29.67930030822754,2722000
2012-10-16,44.77000045776367,46.790000915527344,44.599998474121094,46.4900016784668,31.090377807617188,5742000
2012-10-17,46.54999923706055,47.220001220703125,46.310001373291016,46.650001525878906,31.197372436523438,2842000
2012-10-18,46.619998931884766,46.630001068115234,45.38999938964844,45.560001373291016,30.468448638916016,3402300
2012-10-19,45.529998779296875,46.09000015258789,44.54999923706055,44.63999938964844,29.85317611694336,3002400
2012-10-22,44.72999954223633,45.72999954223633,44.72999954223633,45.58000183105469,30.481815338134766,3421700
2012-10-23,44.90999984741211,45.08000183105469,43.93000030517578,44.91999816894531,30.040433883666992,4079100
2012-10-24,45.0,45.650001525878906,44.65999984741211,44.779998779296875,29.946800231933594,3478700
2012-10-25,45.13999938964844,45.45000076293945,44.54999923706055,45.029998779296875,30.113998413085938,2903900
2012-10-26,45.56999969482422,47.619998931884766,44.81999969482422,47.5,31.765825271606445,6123800
2012-10-31,47.81999969482422,48.400001525878906,46.63999938964844,47.15999984741211,31.538448333740234,4791200
2012-11-01,47.0,47.650001525878906,46.38999938964844,47.380001068115234,31.685577392578125,4291500
2012-11-02,48.0099983215332,48.150001525878906,46.06999969482422,46.209999084472656,30.90313720703125,2826000
2012-11-05,46.22999954223633,47.900001525878906,46.22999954223633,47.7599983215332,31.939697265625,3024100
2012-11-06,48.0,51.0,47.86000061035156,50.040000915527344,33.46446228027344,8220800
2012-11-07,49.22999954223633,50.08000183105469,48.75,49.459999084472656,33.076576232910156,6708500
2012-11-08,49.34000015258789,49.970001220703125,48.939998626708984,49.0,32.76896286010742,3699100
2012-11-09,48.11000061035156,48.560001373291016,47.16999816894531,47.40999984741211,31.705642700195312,5424200
2012-11-12,47.43000030517578,48.11000061035156,47.279998779296875,47.349998474121094,31.665512084960938,2699200
2012-11-13,47.0,47.7599983215332,46.560001373291016,46.86000061035156,31.337812423706055,3129100
2012-11-14,47.16999816894531,47.459999084472656,45.709999084472656,45.7599983215332,30.602184295654297,3542400
2012-11-15,45.529998779296875,46.189998626708984,44.939998626708984,45.34000015258789,30.321311950683594,3805000
2012-11-16,45.560001373291016,45.91999816894531,44.95000076293945,45.77000045776367,30.608884811401367,4591900
2012-11-19,46.400001525878906,48.25,46.380001068115234,48.119998931884766,32.180442810058594,4339700
2012-11-20,48.189998626708984,49.06999969482422,47.869998931884766,49.060001373291016,32.809085845947266,3492900
2012-11-21,49.31999969482422,49.650001525878906,48.84000015258789,49.38999938964844,33.02976989746094,3805700
2012-11-23,49.58000183105469,50.0,49.40999984741211,49.81999969482422,33.31733322143555,1698700
2012-11-26,49.54999923706055,49.97999954223633,49.06999969482422,49.560001373291016,33.143455505371094,2943300
2012-11-27,49.5099983215332,50.41999816894531,49.0099983215332,50.060001373291016,33.47783660888672,4638900
2012-11-28,49.65999984741211,51.27000045776367,49.25,51.0,34.10646057128906,5404800
2012-11-29,51.20000076293945,51.65999984741211,50.83000183105469,51.560001373291016,34.48097610473633,3951100
2012-11-30,51.68000030517578,52.529998779296875,51.45000076293945,52.369998931884766,35.02265548706055,5323100
2012-12-03,52.650001525878906,52.7599983215332,51.02000045776367,51.560001373291016,34.48097610473633,5670000
2012-12-04,51.47999954223633,52.2400016784668,51.47999954223633,51.560001373291016,34.48097610473633,3726600
2012-12-05,51.45000076293945,51.95000076293945,50.27000045776367,50.689998626708984,33.89914321899414,3332400
2012-12-06,50.689998626708984,51.209999084472656,50.29999923706055,50.970001220703125,34.08640670776367,3405700
2012-12-07,51.189998626708984,52.75,51.060001373291016,52.34000015258789,35.002586364746094,4854900
2012-12-10,52.209999084472656,54.31999969482422,52.20000076293945,53.58000183105469,35.83185577392578,7741300
2012-12-11,53.720001220703125,53.91999816894531,52.72999954223633,53.040000915527344,35.47072219848633,5205500
2012-12-12,53.33000183105469,53.5,52.939998626708984,53.04999923706055,35.477413177490234,8427100
2012-12-13,52.599998474121094,52.599998474121094,51.2400016784668,52.209999084472656,34.91565704345703,7136600
2012-12-14,52.0,53.540000915527344,51.79999923706055,53.470001220703125,35.7582893371582,5120800
2012-12-17,53.560001373291016,53.86000061035156,53.18000030517578,53.52000045776367,35.79173278808594,4292300
2012-12-18,53.439998626708984,53.70000076293945,53.0,53.16999816894531,35.55765151977539,3922800
2012-12-19,53.279998779296875,53.380001068115234,51.84000015258789,52.5,35.10959243774414,6409900
2012-12-20,52.58000183105469,52.720001220703125,51.70000076293945,52.41999816894531,35.05609130859375,4391700
2012-12-21,51.709999084472656,52.380001068115234,51.33000183105469,52.15999984741211,34.882225036621094,5053600
2012-12-24,52.220001220703125,52.400001525878906,51.900001525878906,51.970001220703125,34.75514602661133,975200
2012-12-26,52.15999984741211,52.619998931884766,51.31999969482422,51.36000061035156,34.34721755981445,2322700
2012-12-27,51.5,51.709999084472656,50.400001525878906,51.560001373291016,34.48097610473633,2885400
2012-12-28,51.060001373291016,51.5,50.52000045776367,50.56999969482422,33.81889724731445,2999100
2012-12-31,50.400001525878906,53.220001220703125,50.400001525878906,53.099998474121094,35.51084518432617,4233600
2013-01-02,54.25,55.310001373291016,53.22999954223633,55.2599983215332,36.95535659790039,5229900
2013-01-03,55.029998779296875,55.16999816894531,52.869998931884766,53.189998626708984,35.571044921875,5291900
2013-01-04,53.119998931884766,53.68000030517578,52.290000915527344,53.13999938964844,35.53759002685547,4161100
2013-01-07,52.47999954223633,52.47999954223633,50.77000045776367,51.36000061035156,34.34721755981445,6884000
2013-01-08,51.20000076293945,51.779998779296875,51.08000183105469,51.59000015258789,34.50102615356445,3575600
2013-01-09,51.560001373291016,52.150001525878906,51.02000045776367,51.31999969482422,34.320465087890625,4429800
2013-01-10,51.63999938964844,51.84000015258789,51.220001220703125,51.5099983215332,34.44752502441406,3403400
2013-01-11,51.279998779296875,51.70000076293945,50.36000061035156,50.58000183105469,33.82558822631836,4615800
2013-01-14,50.66999816894531,51.41999816894531,50.119998931884766,51.349998474121094,34.34052276611328,5000100
2013-01-15,51.349998474121094,52.33000183105469,51.20000076293945,52.2400016784668,34.93571472167969,4499600
2013-01-16,52.130001068115234,54.54999923706055,52.06999969482422,54.52000045776367,36.46046829223633,8024800
2013-01-17,54.97999954223633,55.83000183105469,54.189998626708984,55.150001525878906,36.88179397583008,5976600
2013-01-18,55.209999084472656,55.7400016784668,54.58000183105469,55.06999969482422,36.82829284667969,5998800
2013-01-22,55.2400016784668,55.2400016784668,53.91999816894531,54.61000061035156,36.520652770996094,4462000
2013-01-23,54.720001220703125,56.189998626708984,54.20000076293945,55.52000045776367,37.12922668457031,4293900
2013-01-24,55.5,56.95000076293945,55.369998931884766,56.119998931884766,37.53047561645508,4702100
2013-01-25,56.5,56.88999938964844,56.11000061035156,56.810001373291016,37.991920471191406,3612300
2013-01-28,57.09000015258789,57.68000030517578,56.5,57.09000015258789,38.17918014526367,4055400
2013-01-29,58.0,60.45000076293945,57.959999084472656,59.880001068115234,40.044986724853516,8446300
2013-01-30,62.380001068115234,62.90999984741211,60.650001525878906,60.7599983215332,40.63350296020508,7922300
2013-01-31,60.369998931884766,61.04999923706055,59.90999984741211,60.56999969482422,40.50644302368164,5450400
2013-02-01,62.0,63.25,61.220001220703125,62.75,41.964324951171875,4709200
2013-02-04,62.130001068115234,62.25,61.15999984741211,61.220001220703125,40.941131591796875,3796500
2013-02-05,61.720001220703125,61.97999954223633,60.97999954223633,61.0099983215332,40.800682067871094,4578900
2013-02-06,60.790000915527344,62.5,60.709999084472656,61.720001220703125,41.27552032470703,5068700
2013-02-07,61.880001068115234,63.34000015258789,61.0,63.2599983215332,42.305397033691406,4392600
2013-02-08,63.40999984741211,65.23999786376953,63.220001220703125,64.0199966430664,42.81364822387695,4745800
2013-02-11,64.0,64.66000366210938,63.720001220703125,64.18000030517578,42.92064666748047,3097900
2013-02-12,64.62000274658203,64.77999877929688,63.779998779296875,64.43000030517578,43.087825775146484,3702400
2013-02-13,64.5,64.5,63.849998474121094,64.11000061035156,42.87382507324219,2777100
2013-02-14,63.77000045776367,64.91999816894531,63.75,64.83000183105469,43.35533142089844,3560000
2013-02-15,64.55000305175781,65.37999725341797,63.529998779296875,64.16999816894531,42.91395950317383,3787800
2013-02-19,63.66999816894531,64.87999725341797,63.65999984741211,64.76000213623047,43.52079391479492,3091700
2013-02-20,64.75,64.94999694824219,62.540000915527344,62.63999938964844,42.09608840942383,4847000
2013-02-21,62.31999969482422,62.91999816894531,61.220001220703125,62.290000915527344,41.86088180541992,5032600
2013-02-22,62.779998779296875,64.12000274658203,62.5099983215332,64.11000061035156,43.083980560302734,3049300
2013-02-25,64.48999786376953,64.73999786376953,61.310001373291016,61.34000015258789,41.222450256347656,4294800
2013-02-26,61.47999954223633,61.689998626708984,59.939998626708984,61.22999954223633,41.148529052734375,4346900
2013-02-27,61.29999923706055,63.119998931884766,61.0,62.9900016784668,42.331298828125,2581500
2013-02-28,62.86000061035156,64.2699966430664,62.0,62.959999084472656,42.311134338378906,4226400
2013-03-01,62.709999084472656,63.93000030517578,62.189998626708984,63.900001525878906,42.942848205566406,3150000
2013-03-04,63.84000015258789,65.73999786376953,63.540000915527344,65.68000030517578,44.139068603515625,3758500
2013-03-05,66.04000091552734,66.05000305175781,64.5199966430664,65.7699966430664,44.199554443359375,3920300
2013-03-06,66.0,66.97000122070312,65.4000015258789,66.05000305175781,44.38772201538086,2929700
2013-03-07,65.88999938964844,66.12000274658203,64.79000091552734,65.87000274658203,44.26676559448242,3429800
2013-03-08,66.08000183105469,66.27999877929688,65.5999984741211,66.02999877929688,44.3742790222168,4045300
2013-03-11,65.9000015258789,66.08000183105469,63.939998626708984,65.69000244140625,44.14579391479492,4966800
2013-03-12,65.66000366210938,66.4000015258789,65.20999908447266,66.22000122070312,44.501976013183594,4134600
2013-03-13,65.87999725341797,66.04000091552734,64.19999694824219,64.55000305175781,43.37967300415039,4784800
2013-03-14,64.95999908447266,65.44999694824219,64.29000091552734,64.94999694824219,43.64848709106445,3832700
2013-03-15,64.48999786376953,65.23999786376953,64.11000061035156,64.1500015258789,43.11087417602539,5979000
2013-03-18,63.31999969482422,65.29000091552734,63.0099983215332,65.02999877929688,43.70225524902344,3643900
2013-03-19,64.87999725341797,66.3499984741211,64.66000366210938,65.41000366210938,43.95762634277344,4124400
2013-03-20,66.0,68.44000244140625,65.94999694824219,67.54000091552734,45.3890495300293,5087500
2013-03-21,67.0,67.83999633789062,66.11000061035156,66.81999969482422,44.90519332885742,3394800
2013-03-22,66.97000122070312,67.79000091552734,66.83999633789062,67.55000305175781,45.39577865600586,2650400
2013-03-25,67.94000244140625,68.69999694824219,66.6500015258789,66.86000061035156,44.93206787109375,3905300
2013-03-26,66.9800033569336,67.41000366210938,66.37000274658203,67.23999786376953,45.18742370605469,3243600
2013-03-27,67.12999725341797,68.29000091552734,66.45999908447266,68.2699966430664,45.87962341308594,3920600
2013-03-28,68.37999725341797,70.5199966430664,67.95999908447266,69.97000122070312,47.0220947265625,6211100
2013-04-01,70.0,70.19000244140625,68.7300033569336,69.36000061035156,46.61214065551758,3015200
2013-04-02,70.16999816894531,70.19999694824219,66.70999908447266,66.83999633789062,44.91862869262695,5679900
2013-04-03,66.83999633789062,66.87999725341797,61.470001220703125,62.459999084472656,41.975128173828125,14028500
2013-04-04,62.56999969482422,63.95000076293945,61.939998626708984,62.38999938964844,41.9280891418457,6139100
2013-04-05,61.2599983215332,62.970001220703125,60.20000076293945,62.310001373291016,41.87432861328125,5289600
2013-04-08,62.290000915527344,63.79999923706055,61.900001525878906,63.619998931884766,42.75467300415039,3969300
2013-04-09,63.95000076293945,65.2300033569336,62.86000061035156,64.66000366210938,43.45359802246094,4291500
2013-04-10,64.77999877929688,65.20999908447266,63.04999923706055,63.86000061035156,42.91597366333008,6005500
2013-04-11,63.810001373291016,63.86000061035156,61.810001373291016,62.0099983215332,41.67272186279297,6204800
2013-04-12,61.369998931884766,61.7400016784668,59.06999969482422,60.66999816894531,40.772178649902344,8305100
2013-04-15,59.18000030517578,59.9900016784668,57.08000183105469,57.52000045776367,38.65529251098633,7897200
2013-04-16,58.150001525878906,59.31999969482422,57.77000045776367,59.279998779296875,39.83806610107422,5644000
2013-04-17,58.54999923706055,58.790000915527344,57.15999984741211,57.9900016784668,38.97114562988281,4602100
2013-04-18,57.91999816894531,58.540000915527344,56.130001068115234,57.22999954223633,38.46039581298828,4270200
2013-04-19,58.13999938964844,58.13999938964844,56.459999084472656,57.84000015258789,38.87034606933594,5045100
2013-04-22,58.119998931884766,60.34000015258789,58.06999969482422,59.43000030517578,39.93887710571289,3659300
2013-04-23,59.59000015258789,61.41999816894531,59.36000061035156,61.150001525878906,41.09476852416992,5318500
2013-04-24,61.40999984741211,63.04999923706055,61.310001373291016,61.81999969482422,41.545013427734375,4771700
2013-04-25,62.040000915527344,63.09000015258789,61.779998779296875,61.900001525878906,41.59880065917969,4384100
2013-04-26,61.849998474121094,62.08000183105469,61.13999938964844,61.599998474121094,41.39716720581055,3034700
2013-04-29,61.970001220703125,62.29999923706055,61.47999954223633,61.79999923706055,41.531578063964844,3444900
2013-04-30,61.93000030517578,62.20000076293945,60.02000045776367,60.95000076293945,40.96034622192383,5457000
2013-05-01,61.11000061035156,61.939998626708984,59.54999923706055,59.66999816894531,40.10016632080078,5678600
2013-05-02,60.06999969482422,60.68000030517578,59.15999984741211,60.29999923706055,40.523521423339844,4212400
2013-05-03,60.79999923706055,62.65999984741211,60.4900016784668,62.18000030517578,41.78695297241211,4548900
2013-05-06,62.4900016784668,64.23999786376953,62.31999969482422,63.869998931884766,42.92268371582031,3682400
2013-05-07,64.25,65.33999633789062,64.0199966430664,64.4800033569336,43.3326301574707,4676600
2013-05-08,64.2300033569336,64.47000122070312,62.849998474121094,63.40999984741211,42.613563537597656,3664300
2013-05-09,63.22999954223633,63.27000045776367,61.880001068115234,62.130001068115234,41.75336456298828,3436900
2013-05-10,61.72999954223633,62.20000076293945,61.0,61.380001068115234,41.24934005737305,5059200
2013-05-13,61.130001068115234,62.279998779296875,60.38999938964844,61.970001220703125,41.64582824707031,3829500
2013-05-14,62.060001373291016,64.18000030517578,62.0,64.08000183105469,43.063819885253906,6212800
2013-05-15,63.72999954223633,65.4800033569336,63.72999954223633,64.94999694824219,43.64848709106445,5621700
2013-05-16,64.70999908447266,65.41000366210938,63.720001220703125,63.84000015258789,43.11027908325195,3994700
2013-05-17,64.19999694824219,65.91999816894531,64.18000030517578,65.45999908447266,44.204246520996094,5521600
2013-05-20,65.31999969482422,66.8499984741211,65.31999969482422,65.95999908447266,44.54188919067383,4531600
2013-05-21,66.0999984741211,66.70999908447266,64.88999938964844,65.41999816894531,44.1772346496582,4505200
2013-05-22,65.30000305175781,66.62000274658203,64.80000305175781,65.38999938964844,44.156986236572266,4482700
2013-05-23,64.44000244140625,65.55999755859375,63.900001525878906,65.25,44.06243896484375,2380300
2013-05-24,64.7699966430664,65.5,63.79999923706055,65.47000122070312,44.21100616455078,2518400
2013-05-28,66.38999938964844,66.9800033569336,65.91999816894531,66.5199966430664,44.920047760009766,2792000
2013-05-29,66.20999908447266,67.33999633789062,65.6500015258789,66.83999633789062,45.13614273071289,3135200
2013-05-30,66.3499984741211,67.11000061035156,65.68000030517578,66.7699966430664,45.08887481689453,2896400
2013-05-31,66.63999938964844,67.88999938964844,66.27999877929688,66.56999969482422,44.95381546020508,3506400
2013-06-03,67.04000091552734,67.08999633789062,64.27999877929688,66.08000183105469,44.62293243408203,4022900
2013-06-04,65.80000305175781,66.18000030517578,64.30000305175781,65.18000030517578,44.01517105102539,2890200
2013-06-05,64.94000244140625,65.3499984741211,63.529998779296875,63.61000061035156,42.9549674987793,3064900
2013-06-06,63.68000030517578,65.1500015258789,63.349998474121094,65.0,43.893619537353516,2637300
2013-06-07,65.44000244140625,66.19999694824219,65.18000030517578,65.87000274658203,44.48112106323242,2774600
2013-06-10,65.93000030517578,66.38999938964844,65.01000213623047,65.11000061035156,43.96788787841797,2372500
2013-06-11,64.05000305175781,64.7300033569336,63.70000076293945,63.959999084472656,43.19132995605469,3202200
2013-06-12,64.87999725341797,65.20999908447266,63.18000030517578,63.310001373291016,42.752384185791016,3967600
2013-06-13,63.09000015258789,64.81999969482422,62.369998931884766,64.51000213623047,43.56273651123047,3336300
2013-06-14,64.70999908447266,64.97000122070312,63.77000045776367,63.810001373291016,43.090023040771484,1833900
2013-06-17,64.19999694824219,64.69000244140625,63.97999954223633,64.26000213623047,43.3939094543457,3341200
2013-06-18,64.4800033569336,65.0,64.25,64.38999938964844,43.481685638427734,2336900
2013-06-19,64.2699966430664,64.87000274658203,63.5099983215332,63.630001068115234,42.96847152709961,3341500
2013-06-20,62.58000183105469,62.689998626708984,60.060001373291016,60.38999938964844,40.780548095703125,5087000
2013-06-21,61.02000045776367,61.22999954223633,58.060001373291016,59.25,40.01072692871094,6354700
2013-06-24,58.459999084472656,58.77000045776367,56.84000015258789,57.189998626708984,38.6196174621582,4938400
2013-06-25,58.290000915527344,59.709999084472656,58.290000915527344,59.40999984741211,40.1187629699707,3453600
2013-06-26,60.099998474121094,60.959999084472656,59.560001373291016,59.720001220703125,40.32810974121094,2706600
2013-06-27,60.31999969482422,60.40999984741211,58.45000076293945,59.220001220703125,39.990455627441406,3883300
2013-06-28,59.13999938964844,59.75,58.77000045776367,58.90999984741211,39.781131744384766,3573800
2013-07-01,59.2400016784668,60.2400016784668,58.66999816894531,58.900001525878906,39.77437210083008,3486700
2013-07-02,58.849998474121094,59.209999084472656,56.61000061035156,57.08000183105469,38.545345306396484,4998500
2013-07-03,56.75,57.709999084472656,54.79999923706055,57.68000030517578,38.950523376464844,6190900
2013-07-05,57.84000015258789,57.88999938964844,55.40999984741211,57.2400016784668,38.65339279174805,3653200
2013-07-08,57.709999084472656,59.16999816894531,57.63999938964844,58.75,39.67308044433594,3067800
2013-07-09,59.02000045776367,59.369998931884766,58.40999984741211,58.5099983215332,39.51100540161133,3271200
2013-07-10,58.40999984741211,58.630001068115234,55.939998626708984,56.09000015258789,37.876808166503906,5874000
2013-07-11,57.04999923706055,57.900001525878906,56.02000045776367,57.7599983215332,39.004539489746094,5355200
2013-07-12,56.900001525878906,59.63999938964844,56.900001525878906,59.09000015258789,39.90267562866211,6108800
2013-07-15,59.45000076293945,59.849998474121094,58.779998779296875,59.22999954223633,39.9972038269043,4202400
2013-07-16,59.209999084472656,59.41999816894531,57.150001525878906,57.63999938964844,38.92350769042969,6289800
2013-07-17,57.81999969482422,58.41999816894531,57.099998474121094,58.040000915527344,39.1936149597168,3527400
2013-07-18,58.189998626708984,58.279998779296875,56.709999084472656,56.91999816894531,38.43730545043945,4328100
2013-07-19,57.439998626708984,57.83000183105469,56.720001220703125,57.4900016784668,38.82221984863281,3960500
2013-07-22,57.880001068115234,58.45000076293945,57.18000030517578,57.959999084472656,39.13959884643555,4093500
2013-07-23,58.470001220703125,59.709999084472656,58.349998474121094,59.4900016784668,40.17277908325195,3938200
2013-07-24,59.650001525878906,59.650001525878906,57.70000076293945,58.84000015258789,39.73384475708008,4041900
2013-07-25,58.68000030517578,59.70000076293945,58.2400016784668,59.41999816894531,40.125511169433594,4551000
2013-07-26,59.25,59.84000015258789,58.709999084472656,59.0,39.841896057128906,2603600
2013-07-29,59.0,59.290000915527344,58.56999969482422,58.959999084472656,39.81489181518555,852400
2013-07-30,59.04999923706055,59.25,57.90999984741211,58.470001220703125,39.4839973449707,4076700
2013-07-31,57.31999969482422,61.970001220703125,57.130001068115234,61.5,41.53010940551758,8186700
2013-08-01,61.869998931884766,61.90999984741211,60.31999969482422,60.52000045776367,40.86832809448242,3918500
2013-08-02,60.130001068115234,60.130001068115234,58.06999969482422,58.40999984741211,39.443477630615234,5612800
2013-08-05,58.279998779296875,58.29999923706055,57.29999923706055,57.79999923706055,39.031558990478516,4125100
2013-08-06,57.63999938964844,59.150001525878906,57.63999938964844,58.310001373291016,39.37594985961914,4863300
2013-08-07,58.2400016784668,58.689998626708984,57.560001373291016,57.959999084472656,39.13959884643555,3824100
2013-08-08,58.02000045776367,59.36000061035156,57.900001525878906,59.0,39.841896057128906,3254800
2013-08-09,59.0,59.310001373291016,58.56999969482422,58.91999816894531,39.78786849975586,3178500
2013-08-12,58.439998626708984,58.97999954223633,57.720001220703125,58.16999816894531,39.28140640258789,3295100
2013-08-13,58.38999938964844,59.189998626708984,58.0,59.09000015258789,39.90267562866211,3180300
2013-08-14,59.0,59.18000030517578,58.380001068115234,58.790000915527344,39.911495208740234,2358500
2013-08-15,58.27000045776367,58.43000030517578,57.040000915527344,57.150001525878906,38.79813003540039,3495300
2013-08-16,56.88999938964844,56.9900016784668,56.06999969482422,56.29999923706055,38.22108459472656,3478700
2013-08-19,56.279998779296875,56.849998474121094,55.25,55.34000015258789,37.56935501098633,3212100
2013-08-20,55.22999954223633,57.689998626708984,54.900001525878906,57.0099983215332,38.70308303833008,3870800
2013-08-21,56.72999954223633,58.4900016784668,56.29999923706055,57.95000076293945,39.34123229980469,3784200
2013-08-22,57.97999954223633,58.869998931884766,57.52000045776367,58.11000061035156,39.449859619140625,3009300
2013-08-23,58.45000076293945,59.2400016784668,57.939998626708984,58.11000061035156,39.449859619140625,2951800
2013-08-26,58.16999816894531,59.09000015258789,57.880001068115234,58.130001068115234,39.463443756103516,2843800
2013-08-27,57.709999084472656,58.0,57.09000015258789,57.099998474121094,38.76419448852539,2979300
2013-08-28,57.20000076293945,58.29999923706055,57.20000076293945,58.029998779296875,39.39555740356445,2220300
2013-08-29,57.869998931884766,58.470001220703125,57.380001068115234,57.720001220703125,39.18510818481445,2119000
2013-08-30,57.95000076293945,58.5,56.95000076293945,57.099998474121094,38.76419448852539,2661100
2013-09-03,57.7599983215332,58.439998626708984,57.33000183105469,58.11000061035156,39.449859619140625,3045700
2013-09-04,57.91999816894531,59.31999969482422,57.58000183105469,59.029998779296875,40.074432373046875,4079400
2013-09-05,58.68000030517578,59.099998474121094,57.790000915527344,57.79999923706055,39.23941421508789,3849800
2013-09-06,57.90999984741211,58.11000061035156,56.900001525878906,57.41999816894531,38.98142623901367,2800400
2013-09-09,57.06999969482422,57.91999816894531,57.02000045776367,57.470001220703125,39.01536560058594,3102600
2013-09-10,57.439998626708984,57.439998626708984,56.68000030517578,56.790000915527344,38.553733825683594,3476500
2013-09-11,56.83000183105469,57.029998779296875,56.060001373291016,56.93000030517578,38.64878463745117,2597300
2013-09-12,56.9900016784668,57.34000015258789,56.33000183105469,56.45000076293945,38.32291793823242,2662700
2013-09-13,56.63999938964844,57.72999954223633,56.56999969482422,57.130001068115234,38.7845573425293,2420800
2013-09-16,57.619998931884766,57.70000076293945,56.709999084472656,56.83000183105469,38.58089065551758,2521900
2013-09-17,56.709999084472656,56.79999923706055,55.810001373291016,56.04999923706055,38.05136489868164,3885000
2013-09-18,56.04999923706055,57.5,56.02000045776367,57.25,38.866024017333984,3873300
2013-09-19,58.34000015258789,59.209999084472656,57.900001525878906,58.150001525878906,39.47700500488281,4667700
2013-09-20,58.209999084472656,59.29999923706055,57.689998626708984,57.93000030517578,39.32766342163086,4944400
2013-09-23,57.72999954223633,57.72999954223633,56.900001525878906,57.40999984741211,38.974632263183594,3067700
2013-09-24,57.2400016784668,58.54999923706055,57.029998779296875,57.77000045776367,39.21902847290039,3430500
2013-09-25,57.81999969482422,58.54999923706055,57.529998779296875,58.04999923706055,39.409122467041016,3049500
2013-09-26,58.0099983215332,59.0,58.0099983215332,58.47999954223633,39.70104217529297,2709400
2013-09-27,58.099998474121094,58.869998931884766,58.099998474121094,58.529998779296875,39.734989166259766,3027700
2013-09-30,58.0099983215332,58.09000015258789,56.880001068115234,57.81999969482422,39.25297927856445,4407300
2013-10-01,57.650001525878906,58.220001220703125,57.189998626708984,57.900001525878906,39.307289123535156,2600600
2013-10-02,57.59000015258789,59.310001373291016,57.33000183105469,59.18000030517578,40.176265716552734,4150400
2013-10-03,58.86000061035156,59.83000183105469,58.599998474121094,59.560001373291016,40.434234619140625,4244400
2013-10-04,59.0,59.349998474121094,58.38999938964844,59.16999816894531,40.16947555541992,3550700
2013-10-07,58.7599983215332,58.900001525878906,57.900001525878906,57.900001525878906,39.307289123535156,3345300
2013-10-08,57.91999816894531,58.09000015258789,56.5,56.88999938964844,38.62162780761719,4211400
2013-10-09,56.81999969482422,57.279998779296875,56.5099983215332,56.900001525878906,38.62841796875,3466300
2013-10-10,57.66999816894531,58.790000915527344,57.619998931884766,58.56999969482422,39.76213836669922,4396700
2013-10-11,58.54999923706055,60.810001373291016,58.470001220703125,59.93000030517578,40.68541717529297,5680300
2013-10-14,59.56999969482422,60.720001220703125,59.25,60.47999954223633,41.058815002441406,2891900
2013-10-15,60.38999938964844,60.849998474121094,59.34000015258789,59.5,40.39350128173828,3602600
2013-10-16,60.02000045776367,60.75,59.86000061035156,60.72999954223633,41.228538513183594,2993300
2013-10-17,60.56999969482422,62.38999938964844,60.5,62.220001220703125,42.24006652832031,3405000
2013-10-18,62.5099983215332,63.5,62.25,63.47999954223633,43.095462799072266,3813800
2013-10-21,63.77000045776367,64.19000244140625,63.4900016784668,63.90999984741211,43.38738250732422,2985500
2013-10-22,64.33999633789062,65.23999786376953,64.16000366210938,64.87999725341797,44.04589080810547,4264700
2013-10-23,64.37000274658203,65.4000015258789,64.33000183105469,64.66000366210938,43.896541595458984,4215000
2013-10-24,64.54000091552734,64.5999984741211,62.70000076293945,63.22999954223633,42.92573165893555,4248900
2013-10-25,63.31999969482422,63.720001220703125,62.75,63.400001525878906,43.04114532470703,2206800
2013-10-28,63.77000045776367,64.41999816894531,63.13999938964844,63.279998779296875,42.959686279296875,3067700
2013-10-29,63.38999938964844,64.31999969482422,63.22999954223633,64.13999938964844,43.543514251708984,3213300
2013-10-30,64.0999984741211,65.63999938964844,63.04999923706055,65.2300033569336,44.28349304199219,4687500
2013-10-31,64.9800033569336,65.52999877929688,64.41000366210938,64.43000030517578,43.74039077758789,3786300
2013-11-01,64.47000122070312,64.83000183105469,63.290000915527344,64.12999725341797,43.53672409057617,2746900
2013-11-04,64.27999877929688,64.54000091552734,63.38999938964844,64.44000244140625,43.7471923828125,2728600
2013-11-05,64.25,64.80999755859375,63.619998931884766,64.2699966430664,43.63177490234375,3184100
2013-11-06,64.75,65.55999755859375,64.1500015258789,64.36000061035156,43.692874908447266,2979500
2013-11-07,64.27999877929688,64.86000061035156,63.619998931884766,63.84000015258789,43.339847564697266,3084200
2013-11-08,63.91999816894531,65.38999938964844,63.65999984741211,65.36000061035156,44.37174987792969,3252600
2013-11-11,65.1500015258789,65.58000183105469,64.79000091552734,65.48999786376953,44.46000671386719,2437700
2013-11-12,64.93000030517578,66.2300033569336,64.83000183105469,65.41000366210938,44.671730041503906,3229900
2013-11-13,65.27999877929688,66.05999755859375,64.52999877929688,66.05000305175781,45.10881423950195,3427000
2013-11-14,66.23999786376953,68.36000061035156,66.2300033569336,67.55999755859375,46.140079498291016,4088500
2013-11-15,67.30000305175781,67.62000274658203,66.5199966430664,67.0999984741211,45.82590866088867,4106300
2013-11-18,67.62000274658203,68.05000305175781,67.05000305175781,67.20999908447266,45.90103530883789,2723300
2013-11-19,67.13999938964844,68.54000091552734,66.91999816894531,67.7699966430664,46.283485412597656,3246100
2013-11-20,68.22000122070312,68.38999938964844,66.80000305175781,67.02999877929688,45.778106689453125,2923500
2013-11-21,67.05999755859375,67.63999938964844,65.83999633789062,67.5,46.099098205566406,2933400
2013-11-22,67.8499984741211,68.80000305175781,67.54000091552734,68.4800033569336,46.76838302612305,3108000
2013-11-25,68.4800033569336,69.3499984741211,68.12999725341797,68.63999938964844,46.877655029296875,2808300
2013-11-26,68.79000091552734,69.2300033569336,68.12999725341797,68.75,46.952781677246094,3094400
2013-11-27,68.5999984741211,71.0,68.4000015258789,70.12000274658203,47.88840866088867,4526400
2013-11-29,70.02999877929688,70.72000122070312,69.41000366210938,69.61000061035156,47.54011154174805,1688100
2013-12-02,70.0,71.75,69.66999816894531,71.36000061035156,48.73527145385742,3900900
2013-12-03,71.05999755859375,71.2699966430664,69.54000091552734,70.5999984741211,48.21623611450195,4299300
2013-12-04,69.69999694824219,70.4800033569336,68.33000183105469,69.58999633789062,47.526458740234375,5377100
2013-12-05,69.81999969482422,70.5,69.16999816894531,69.7300033569336,47.6220588684082,3978800
2013-12-06,70.33000183105469,72.5,70.0,71.23999786376953,48.653324127197266,5174200
2013-12-09,72.30000305175781,73.16999816894531,71.69999694824219,71.83000183105469,49.05625915527344,4297300
2013-12-10,71.25,72.44000244140625,69.54000091552734,71.61000061035156,48.906005859375,4233700
2013-12-11,71.63999938964844,71.69000244140625,70.29000091552734,70.8499984741211,48.3869743347168,3890300
2013-12-12,70.80000305175781,71.69000244140625,70.44000244140625,71.22000122070312,48.63965606689453,2773000
2013-12-13,71.25,72.0199966430664,70.56999969482422,71.5999984741211,48.89918518066406,2711400
2013-12-16,71.68000030517578,73.26000213623047,71.52999877929688,72.61000061035156,49.58896255493164,2741600
2013-12-17,72.61000061035156,73.2699966430664,72.25,72.5999984741211,49.582130432128906,2438200
2013-12-18,72.55999755859375,74.12000274658203,72.20999908447266,73.9800033569336,50.524620056152344,3960900
2013-12-19,73.55000305175781,74.38999938964844,72.69999694824219,72.91999816894531,49.80068588256836,3505000
2013-12-20,73.19999694824219,74.52999877929688,73.05000305175781,74.02999877929688,50.558738708496094,4906800
2013-12-23,74.5,75.38999938964844,74.27999877929688,74.41000366210938,50.81826400756836,2556800
2013-12-24,74.73999786376953,74.97000122070312,74.29000091552734,74.73999786376953,51.04365921020508,1065000
2013-12-26,75.0,75.29000091552734,74.68000030517578,75.12000274658203,51.30316925048828,1187000
2013-12-27,75.13999938964844,75.18000030517578,74.19000244140625,74.75,51.05046463012695,1688800
2013-12-30,75.01000213623047,75.5999984741211,74.69000244140625,74.72000122070312,51.02997589111328,2252200
2013-12-31,75.2699966430664,77.29000091552734,75.18000030517578,77.12999725341797,52.675880432128906,2993900
2014-01-02,77.16999816894531,77.31999969482422,76.36000061035156,76.44999694824219,52.211483001708984,2846700
2014-01-03,76.36000061035156,76.98999786376953,76.1500015258789,76.29000091552734,52.10221862792969,1958200
2014-01-06,76.51000213623047,77.48999786376953,76.4000015258789,77.01000213623047,52.593936920166016,2815600
2014-01-07,77.06999969482422,77.83000183105469,76.66999816894531,77.0199966430664,52.600772857666016,4005700
2014-01-08,77.25,77.41000366210938,76.1500015258789,76.87000274658203,52.498329162597656,4492200
2014-01-09,77.01000213623047,78.25,76.87999725341797,78.12999725341797,53.358848571777344,4187400
2014-01-10,78.38999938964844,79.0,77.23999786376953,78.0,53.270050048828125,3019900
2014-01-13,78.19999694824219,78.19999694824219,75.48999786376953,75.80999755859375,51.77439880371094,3046300
2014-01-14,76.1500015258789,76.70999908447266,75.80000305175781,76.48999786376953,52.23881530761719,3359100
2014-01-15,76.5,76.52999877929688,74.75,75.54000091552734,51.59001159667969,3697800
2014-01-16,75.30999755859375,75.7300033569336,74.66999816894531,75.38999938964844,51.487571716308594,3231900
2014-01-17,74.87000274658203,76.62000274658203,74.8499984741211,76.0199966430664,51.91783142089844,3901600
2014-01-21,76.02999877929688,77.4000015258789,76.02999877929688,76.9000015258789,52.51880645751953,2792000
2014-01-22,77.30000305175781,77.5999984741211,76.08999633789062,77.0999984741211,52.6554069519043,2748300
2014-01-23,77.5199966430664,78.0999984741211,76.04000091552734,77.19999694824219,52.72367858886719,4105600
2014-01-24,76.22000122070312,76.3499984741211,73.5999984741211,74.44000244140625,50.83875274658203,4712700
2014-01-27,74.56999969482422,75.69999694824219,73.77999877929688,74.9000015258789,51.15291213989258,3408300
2014-01-28,73.91999816894531,75.45999908447266,73.91999816894531,75.08000183105469,51.275856018066406,2792000
2014-01-29,74.02999877929688,76.9000015258789,70.80999755859375,74.18000030517578,50.66117858886719,5942000
2014-01-30,74.44000244140625,74.97000122070312,73.37000274658203,73.55999755859375,50.23777770996094,4595300
2014-01-31,73.0999984741211,74.58000183105469,72.75,73.08999633789062,49.916778564453125,5799800
2014-02-03,73.12000274658203,73.58000183105469,71.13999938964844,71.36000061035156,48.73527145385742,5620300
2014-02-04,71.51000213623047,71.75,68.77999877929688,71.13999938964844,48.58502960205078,4647500
2014-02-05,70.75,71.55000305175781,69.11000061035156,70.66999816894531,48.264041900634766,6071000
2014-02-06,71.30000305175781,73.62000274658203,70.88999938964844,73.30000305175781,50.060203552246094,5388900
2014-02-07,73.69999694824219,74.43000030517578,72.91000366210938,74.27999877929688,50.729488372802734,3310400
2014-02-10,74.3499984741211,74.69000244140625,72.02999877929688,72.2699966430664,49.35676574707031,3743600
2014-02-11,72.30000305175781,74.26000213623047,72.23999786376953,74.08999633789062,50.5997314453125,3711500
2014-02-12,74.16999816894531,74.5999984741211,73.36000061035156,73.63999938964844,50.292388916015625,3045200
2014-02-13,72.75,74.91999816894531,72.62999725341797,74.6500015258789,51.25362014770508,3234400
2014-02-14,74.47000122070312,75.9800033569336,74.26000213623047,75.93000030517578,52.1324462890625,2408700
2014-02-18,76.20999908447266,76.98999786376953,75.2699966430664,75.37999725341797,51.754817962646484,2813700
2014-02-19,75.22000122070312,76.94999694824219,75.0199966430664,75.2699966430664,51.67929458618164,3700300
2014-02-20,75.0199966430664,75.76000213623047,74.75,75.29000091552734,51.693031311035156,3164800
2014-02-21,75.08000183105469,75.69000244140625,74.80999755859375,74.94999694824219,51.45960235595703,3210500
2014-02-24,75.01000213623047,77.7699966430664,75.01000213623047,76.25,52.35215759277344,3631400
2014-02-25,76.2300033569336,78.30999755859375,75.9000015258789,77.52999877929688,53.230979919433594,4201700
2014-02-26,77.44000244140625,77.93000030517578,76.44999694824219,76.76000213623047,52.702308654785156,3384100
2014-02-27,76.4800033569336,76.80000305175781,74.33000183105469,74.73999786376953,51.3154182434082,5635900
2014-02-28,74.77999877929688,78.88999938964844,74.37999725341797,74.86000061035156,51.397804260253906,4209000
2014-03-03,74.6500015258789,75.7699966430664,74.37000274658203,74.86000061035156,51.397804260253906,2672200
2014-03-04,75.55000305175781,76.19999694824219,74.9000015258789,76.08000183105469,52.23544692993164,2380300
2014-03-05,75.80000305175781,76.93000030517578,75.44999694824219,76.80999755859375,52.73664093017578,2815300
2014-03-06,76.9800033569336,78.79000091552734,76.94999694824219,78.13999938964844,53.64978790283203,3699300
2014-03-07,78.5,78.77999877929688,77.3499984741211,78.08000183105469,53.60861587524414,2243500
2014-03-10,78.0,79.19999694824219,77.81999969482422,78.66000366210938,54.0068359375,2371900
2014-03-11,78.62999725341797,79.37999725341797,78.01000213623047,79.08000183105469,54.29521179199219,3068100
2014-03-12,79.08999633789062,80.29000091552734,79.05999755859375,80.0,54.926841735839844,3437700
2014-03-13,80.06999969482422,80.38999938964844,77.72000122070312,78.13999938964844,53.64978790283203,3439100
2014-03-14,78.02999877929688,79.41000366210938,78.0,78.69000244140625,54.027435302734375,2751000
2014-03-17,78.86000061035156,79.72000122070312,78.73999786376953,79.3499984741211,54.480560302734375,2640700
2014-03-18,79.31999969482422,80.36000061035156,78.91000366210938,80.3499984741211,55.16716766357422,3002000
2014-03-19,80.23999786376953,80.25,77.91999816894531,78.43000030517578,53.84891128540039,2894800
2014-03-20,78.06999969482422,78.95999908447266,77.52999877929688,78.5,53.89698028564453,3108200
2014-03-21,80.12000274658203,80.12000274658203,77.81999969482422,77.94999694824219,53.51935958862305,4624400
2014-03-24,78.37000274658203,78.69999694824219,77.0199966430664,77.41999816894531,53.15546798706055,3287000
2014-03-25,77.23999786376953,78.73999786376953,77.23999786376953,78.19999694824219,53.69099807739258,3040600
2014-03-26,78.47000122070312,78.80000305175781,76.91999816894531,77.20999908447266,53.011268615722656,2657000
2014-03-27,77.29000091552734,77.66999816894531,76.7300033569336,76.86000061035156,52.77096939086914,3430600
2014-03-28,77.0,77.4000015258789,76.51000213623047,76.6500015258789,52.626800537109375,3014100
2014-03-31,77.30000305175781,77.55999755859375,76.87000274658203,77.05999755859375,52.908294677734375,3071500
2014-04-01,77.22000122070312,79.63999938964844,76.93000030517578,79.58000183105469,54.638492584228516,4031200
2014-04-02,79.16999816894531,79.5,77.88999938964844,79.23999786376953,54.405025482177734,3083000
2014-04-03,79.66999816894531,80.91000366210938,79.66999816894531,80.5999984741211,55.33880615234375,3319400
2014-04-04,81.01000213623047,81.43000030517578,79.1500015258789,79.56999969482422,54.631614685058594,3315400
2014-04-07,79.0999984741211,79.94999694824219,77.87999725341797,77.94999694824219,53.51935958862305,3224400
2014-04-08,78.05999755859375,78.66999816894531,77.01000213623047,77.55999755859375,53.25160598754883,3338900
2014-04-09,78.02999877929688,78.70999908447266,77.2300033569336,78.33000183105469,53.78025817871094,2515700
2014-04-10,78.2699966430664,79.37999725341797,76.66999816894531,76.69000244140625,52.65424728393555,3875400
2014-04-11,76.62999725341797,78.05999755859375,76.18000030517578,76.75,52.69545364379883,5550200
2014-04-14,77.11000061035156,78.02999877929688,76.63999938964844,78.01000213623047,53.5605583190918,2673900
2014-04-15,77.76000213623047,78.70999908447266,76.73999786376953,78.68000030517578,54.02056884765625,3647700
2014-04-16,79.41999816894531,81.1500015258789,78.62999725341797,81.11000061035156,55.68895721435547,3800900
2014-04-17,80.66999816894531,81.3499984741211,80.0,80.27999877929688,55.119102478027344,4512100
2014-04-21,80.36000061035156,82.1500015258789,80.19000244140625,81.81999969482422,56.17642593383789,2938800
2014-04-22,81.33000183105469,82.47000122070312,80.7300033569336,81.9800033569336,56.286312103271484,2987200
2014-04-23,81.8499984741211,82.94999694824219,81.5,82.30000305175781,56.50600814819336,2077200
2014-04-24,82.5999984741211,83.05000305175781,81.76000213623047,82.56999969482422,56.69137954711914,2592200
2014-04-25,82.52999877929688,83.0999984741211,82.02999877929688,82.58999633789062,56.70511245727539,2544900
2014-04-28,82.88999938964844,84.4000015258789,81.87000274658203,84.05000305175781,57.70754623413086,3864300
2014-04-29,84.52999877929688,84.8499984741211,83.33999633789062,83.75,57.50156784057617,2732500
2014-04-30,83.91000366210938,84.5,83.11000061035156,83.22000122070312,57.137657165527344,2860200
2014-05-01,83.2699966430664,84.66999816894531,83.08999633789062,84.05000305175781,57.70754623413086,2602300
2014-05-02,83.98999786376953,84.55000305175781,83.43000030517578,83.52999877929688,57.35048294067383,2095700
2014-05-05,83.13999938964844,83.98999786376953,82.6500015258789,83.93000030517578,57.62514114379883,2101300
2014-05-06,84.12999725341797,85.41999816894531,83.66000366210938,84.26000213623047,57.851722717285156,2669000
2014-05-07,84.66999816894531,85.25,83.47000122070312,85.02999877929688,58.38037872314453,2584100
2014-05-08,84.20999908447266,84.75,82.48999786376953,82.91999816894531,56.93168258666992,3057500
2014-05-09,82.72000122070312,83.19000244140625,80.81999969482422,81.91000366210938,56.23824691772461,3687700
2014-05-12,82.63999938964844,84.08000183105469,82.55999755859375,83.54000091552734,57.35737228393555,3181100
2014-05-13,83.77999877929688,84.73999786376953,83.47000122070312,84.26000213623047,57.851722717285156,2566700
2014-05-14,84.05999755859375,84.68000030517578,82.95999908447266,83.55999755859375,57.371089935302734,3143600
2014-05-15,83.01000213623047,83.01000213623047,81.29000091552734,82.01000213623047,56.645835876464844,11581500
2014-05-16,81.8499984741211,82.37000274658203,81.2300033569336,81.86000061035156,56.54225540161133,2305200
2014-05-19,81.98999786376953,83.0999984741211,81.86000061035156,82.7300033569336,57.14316177368164,2907900
2014-05-20,82.44999694824219,83.23999786376953,81.86000061035156,81.97000122070312,56.618202209472656,2316600
2014-05-21,82.23999786376953,82.62000274658203,80.9000015258789,81.58999633789062,56.35574722290039,6323700
2014-05-22,81.69000244140625,82.86000061035156,81.58999633789062,82.37999725341797,56.90140151977539,2433300
2014-05-23,82.3499984741211,82.70999908447266,82.02999877929688,82.02999877929688,56.65965270996094,2540600
2014-05-27,82.26000213623047,82.41000366210938,81.45999908447266,82.18000030517578,56.76327133178711,3004300
2014-05-28,82.05000305175781,83.44999694824219,82.04000091552734,82.98999786376953,57.32275390625,3488700
2014-05-29,83.23999786376953,84.41000366210938,82.81999969482422,84.31999969482422,58.24140167236328,2451600
2014-05-30,84.36000061035156,85.12000274658203,84.16999816894531,84.79000091552734,58.56604766845703,4139400
2014-06-02,84.98999786376953,85.44999694824219,84.41000366210938,85.23999786376953,58.87687683105469,2520000
2014-06-03,84.88999938964844,85.18000030517578,84.37999725341797,84.54000091552734,58.39335250854492,2335700
2014-06-04,84.05999755859375,84.66000366210938,83.55000305175781,83.69999694824219,57.81314468383789,2449600
2014-06-05,84.06999969482422,84.63999938964844,83.41999816894531,83.5199966430664,57.6888313293457,3736300
2014-06-06,83.94999694824219,84.5999984741211,83.55000305175781,84.36000061035156,58.26900863647461,2492800
2014-06-09,84.18000030517578,84.51000213623047,83.33999633789062,83.7300033569336,57.83388900756836,2308600
2014-06-10,83.5999984741211,83.9000015258789,82.44000244140625,82.83000183105469,57.212249755859375,2394900
2014-06-11,82.36000061035156,83.16000366210938,82.19000244140625,82.88999938964844,57.25365447998047,2355300
2014-06-12,83.37000274658203,83.70999908447266,82.43000030517578,82.80000305175781,57.191505432128906,2879000
2014-06-13,82.80000305175781,83.56999969482422,82.4000015258789,83.48999786376953,57.66811752319336,4330000
2014-06-16,83.5199966430664,83.6500015258789,82.94000244140625,83.44000244140625,57.63357925415039,2279700
2014-06-17,83.01000213623047,84.0999984741211,82.5,84.06999969482422,58.068729400634766,2965900
2014-06-18,83.87999725341797,84.55000305175781,82.93000030517578,84.5,58.365718841552734,2617000
2014-06-19,84.70999908447266,85.54000091552734,84.62000274658203,85.26000213623047,58.89068603515625,2950200
2014-06-20,85.58999633789062,86.27999877929688,85.25,85.94000244140625,59.36035919189453,7281900
2014-06-23,86.25,86.81999969482422,85.91999816894531,86.33000183105469,59.6297492980957,2316700
2014-06-24,86.0199966430664,87.05000305175781,84.66999816894531,84.94000244140625,58.66966247558594,2801900
2014-06-25,80.94999694824219,82.66000366210938,79.16000366210938,81.36000061035156,56.196868896484375,10144700
2014-06-26,81.91999816894531,82.45999908447266,81.08999633789062,82.0999984741211,56.708030700683594,5304200
2014-06-27,81.68000030517578,82.06999969482422,81.0199966430664,81.48999786376953,56.286678314208984,5490200
2014-06-30,81.05999755859375,81.19000244140625,80.05000305175781,80.43000030517578,55.55449676513672,3392600
2014-07-01,80.5999984741211,80.83000183105469,79.94000244140625,80.5999984741211,55.67192077636719,3127100
2014-07-02,80.63999938964844,81.51000213623047,80.5999984741211,81.0,55.94822692871094,2437000
2014-07-03,81.19999694824219,81.94999694824219,81.0,81.5,56.2935676574707,1712300
2014-07-07,81.33000183105469,81.44000244140625,79.94000244140625,80.5,55.602867126464844,2226500
2014-07-08,80.30999755859375,80.52999877929688,79.02999877929688,79.27999877929688,54.76018524169922,3010600
2014-07-09,79.66000366210938,80.19000244140625,78.52999877929688,79.80999755859375,55.12626647949219,3278400
2014-07-10,78.72000122070312,80.08999633789062,78.69000244140625,79.7300033569336,55.071006774902344,2722600
2014-07-11,79.55000305175781,80.55000305175781,79.51000213623047,80.29000091552734,55.45780563354492,2235200
2014-07-14,80.87999725341797,80.9000015258789,79.62999725341797,79.94999694824219,55.22294998168945,8384700
2014-07-15,79.73999786376953,81.5,79.41999816894531,81.12000274658203,56.03110885620117,8653600
2014-07-16,81.20999908447266,81.87000274658203,80.41000366210938,80.83999633789062,55.837738037109375,2888000
2014-07-17,80.4000015258789,80.9800033569336,79.4000015258789,79.54000091552734,54.939762115478516,2370200
2014-07-18,79.91000366210938,81.04000091552734,79.44999694824219,80.86000061035156,55.85152053833008,3127200
2014-07-21,80.4000015258789,80.80000305175781,80.0,80.16000366210938,55.368019104003906,2102800
2014-07-22,80.73999786376953,81.1500015258789,80.23999786376953,80.5,55.602867126464844,2733900
2014-07-23,80.55000305175781,81.7300033569336,80.44999694824219,81.2699966430664,56.13469314575195,2118400
2014-07-24,81.7300033569336,82.83000183105469,81.30000305175781,82.0999984741211,56.708030700683594,3517400
2014-07-25,82.13999938964844,82.87000274658203,81.83000183105469,82.6500015258789,57.08789825439453,2064000
2014-07-28,83.0,83.0,81.66000366210938,82.61000061035156,57.06026840209961,2359500
2014-07-29,82.91999816894531,83.25,82.47000122070312,82.47000122070312,56.96357727050781,3163300
2014-07-30,82.19000244140625,83.41000366210938,81.30999755859375,81.72000122070312,56.445526123046875,2664700
2014-07-31,81.13999938964844,82.51000213623047,80.55999755859375,81.11000061035156,56.024173736572266,3120000
2014-08-01,80.62000274658203,81.01000213623047,79.25,80.54000091552734,55.6304817199707,4488000
2014-08-04,80.80999755859375,82.04000091552734,80.23999786376953,81.87999725341797,56.55604934692383,2934400
2014-08-05,81.44000244140625,81.6500015258789,80.58000183105469,81.01000213623047,55.95513153076172,2735500
2014-08-06,80.75,82.9000015258789,80.75,82.27999877929688,56.83233642578125,2730200
2014-08-07,82.5,83.02999877929688,81.16999816894531,81.5199966430664,56.307376861572266,2532100
2014-08-08,82.0,83.16999816894531,81.30999755859375,83.05000305175781,57.36420440673828,2290400
2014-08-11,83.51000213623047,83.8499984741211,82.30000305175781,82.38999938964844,56.90831756591797,2293700
2014-08-12,82.58000183105469,82.93000030517578,82.13999938964844,82.55999755859375,57.02572250366211,2113300
2014-08-13,82.55999755859375,82.87999725341797,81.97000122070312,82.77999877929688,57.526084899902344,2411200
2014-08-14,82.94999694824219,83.91000366210938,82.55000305175781,83.69000244140625,58.15846633911133,2849900
2014-08-15,83.8499984741211,84.37000274658203,83.5,83.79000091552734,58.22795867919922,4763500
2014-08-18,84.2699966430664,86.08000183105469,84.2699966430664,85.61000061035156,59.49274826049805,3347700
2014-08-19,85.61000061035156,86.4000015258789,85.33999633789062,86.08999633789062,59.8263053894043,2676900
2014-08-20,85.98999786376953,86.79000091552734,85.6500015258789,86.5999984741211,60.180694580078125,2128300
2014-08-21,86.69999694824219,86.72000122070312,86.01000213623047,86.23999786376953,59.9305305480957,1767600
2014-08-22,86.05000305175781,86.27999877929688,85.47000122070312,86.08999633789062,59.8263053894043,1633900
2014-08-25,86.37999725341797,87.0999984741211,86.12000274658203,86.9000015258789,60.38917922973633,1903500
2014-08-26,86.87000274658203,87.0999984741211,86.26000213623047,86.66999816894531,60.229347229003906,1869300
2014-08-27,86.69999694824219,87.0,86.02999877929688,86.44000244140625,60.06950759887695,1824500
2014-08-28,86.02999877929688,86.91999816894531,85.81999969482422,86.61000061035156,60.187660217285156,1188200
2014-08-29,86.58000183105469,87.1500015258789,86.44999694824219,87.0199966430664,60.47256088256836,2150300
2014-09-02,86.91000366210938,87.19999694824219,86.0199966430664,86.94999694824219,60.4239501953125,2376000
2014-09-03,87.19999694824219,87.9800033569336,86.80000305175781,87.23999786376953,60.62545394897461,2881000
2014-09-04,87.22000122070312,87.87000274658203,86.54000091552734,86.87999725341797,60.375267028808594,3332000
2014-09-05,86.94000244140625,87.66000366210938,86.05999755859375,87.51000213623047,60.81309509277344,2236800
2014-09-08,87.44999694824219,87.5999984741211,87.0199966430664,87.05999755859375,60.50038146972656,2060200
2014-09-09,87.0,87.54000091552734,85.94999694824219,86.47000122070312,60.09036636352539,2486700
2014-09-10,86.12999725341797,86.41000366210938,83.9000015258789,85.13999938964844,59.166114807128906,4590100
2014-09-11,84.58000183105469,85.11000061035156,83.56999969482422,84.01000213623047,58.380859375,3313500
2014-09-12,83.87999725341797,84.23999786376953,82.55000305175781,83.0199966430664,57.69287109375,2782700
2014-09-15,83.04000091552734,84.0199966430664,82.69000244140625,83.9000015258789,58.30441665649414,2412600
2014-09-16,83.77999877929688,86.68000030517578,83.5,85.77999877929688,59.61087417602539,5220300
2014-09-17,85.94000244140625,86.37999725341797,85.29000091552734,85.69000244140625,59.54832077026367,4135200
2014-09-18,85.70999908447266,86.38999938964844,85.37000274658203,85.88999938964844,59.687294006347656,3497400
2014-09-19,86.04000091552734,86.37999725341797,85.58000183105469,85.75,59.59000778198242,3614200
2014-09-22,85.5,85.52999877929688,83.69000244140625,83.83999633789062,58.2627067565918,2576400
2014-09-23,83.8499984741211,84.8499984741211,83.13999938964844,83.26000213623047,57.85963821411133,2168700
2014-09-24,82.94999694824219,83.33999633789062,81.61000061035156,82.69000244140625,57.46354293823242,2514100
2014-09-25,82.83000183105469,82.83000183105469,81.73999786376953,81.73999786376953,56.80337142944336,2420500
2014-09-26,81.5999984741211,82.5199966430664,81.5999984741211,82.2300033569336,57.143882751464844,3274500
2014-09-29,81.37000274658203,82.30000305175781,81.08000183105469,81.7699966430664,56.824214935302734,2073500
2014-09-30,81.5,81.87999725341797,80.68000030517578,81.30999755859375,56.50454330444336,5197200
2014-10-01,81.30999755859375,82.0,79.55999755859375,79.62999725341797,55.337066650390625,4192300
2014-10-02,79.18000030517578,79.38999938964844,75.94000244140625,77.76000213623047,54.03755187988281,8948800
2014-10-03,78.2300033569336,78.27999877929688,77.04000091552734,77.63999938964844,53.95414352416992,4846200
2014-10-06,77.69999694824219,78.12000274658203,76.69999694824219,77.3499984741211,53.752628326416016,2580100
2014-10-07,77.58999633789062,78.80000305175781,77.1500015258789,77.3499984741211,53.752628326416016,3654200
2014-10-08,77.83000183105469,79.20999908447266,76.5199966430664,79.16000366210938,55.01045608520508,4384500
2014-10-09,78.97000122070312,79.37000274658203,76.55999755859375,76.61000061035156,53.238399505615234,3570400
2014-10-10,76.75,77.7300033569336,74.80999755859375,76.31999969482422,53.036842346191406,4702000
2014-10-13,75.9800033569336,77.13999938964844,72.8499984741211,73.05000305175781,50.764442443847656,5176000
2014-10-14,73.5199966430664,74.16000366210938,70.11000061035156,70.58999633789062,49.05491638183594,9368900
2014-10-15,69.81999969482422,70.86000061035156,66.23999786376953,67.88999938964844,47.17862319946289,11400000
2014-10-16,67.45999908447266,70.5199966430664,66.12000274658203,69.70999908447266,48.443389892578125,8930400
2014-10-17,70.69000244140625,73.1500015258789,70.19000244140625,72.20999908447266,50.18069076538086,8218500
2014-10-20,71.76000213623047,72.9000015258789,71.66000366210938,72.3499984741211,50.277984619140625,3495500
2014-10-21,74.3499984741211,77.08000183105469,72.93000030517578,76.80999755859375,53.377357482910156,6745200
2014-10-22,76.75,77.55000305175781,75.3499984741211,75.38999938964844,52.39057540893555,5186800
2014-10-23,76.41999816894531,77.06999969482422,75.95999908447266,76.12000274658203,52.897857666015625,3218500
2014-10-24,76.1500015258789,76.56999969482422,74.8499984741211,76.48999786376953,53.155006408691406,2924800
2014-10-27,75.6500015258789,76.11000061035156,74.52999877929688,75.4800033569336,52.453128814697266,4295500
2014-10-28,75.8499984741211,77.72000122070312,75.16999816894531,77.52999877929688,53.87771987915039,7580200
2014-10-29,78.55999755859375,78.97000122070312,75.61000061035156,76.38999938964844,53.08551025390625,4319500
2014-10-30,76.3499984741211,77.56999969482422,75.62999725341797,77.4000015258789,53.78738021850586,3747000
2014-10-31,77.69999694824219,78.76000213623047,76.6500015258789,78.5,54.551788330078125,3848500
2014-11-03,78.45999908447266,78.8499984741211,76.37999725341797,76.68000030517578,53.28704071044922,5523700
2014-11-04,76.0199966430664,76.44000244140625,73.4800033569336,74.48999786376953,51.765132904052734,6013000
2014-11-05,74.9000015258789,76.37000274658203,73.68000030517578,74.73999786376953,51.938873291015625,5429500
2014-11-06,75.18000030517578,75.63999938964844,74.31999969482422,75.41999816894531,52.41142272949219,4054400
2014-11-07,75.30000305175781,75.58999633789062,74.27999877929688,74.69999694824219,51.91108322143555,5464000
2014-11-10,75.0,75.5999984741211,74.37999725341797,74.5,51.77210235595703,3332200
2014-11-11,74.88999938964844,75.1500015258789,73.2300033569336,73.63999938964844,51.1744384765625,3976000
2014-11-12,72.97000122070312,74.20999908447266,72.8499984741211,73.04000091552734,51.10447311401367,3703800
2014-11-13,72.62999725341797,72.72000122070312,70.22000122070312,70.83000183105469,49.558189392089844,5418400
2014-11-14,70.94000244140625,71.83999633789062,70.80000305175781,71.77999877929688,50.222900390625,7638900
2014-11-17,71.79000091552734,73.12000274658203,71.79000091552734,72.77999877929688,50.92255783081055,4327600
2014-11-18,73.1500015258789,74.54000091552734,72.81999969482422,73.95999908447266,51.74818801879883,4730000
2014-11-19,74.13999938964844,76.08000183105469,73.79000091552734,75.7699966430664,53.01460647583008,4721100
2014-11-20,75.5199966430664,77.98999786376953,75.5,77.83000183105469,54.45594024658203,4789900
2014-11-21,79.01000213623047,80.31999969482422,78.22000122070312,79.41999816894531,55.56843185424805,5331200
2014-11-24,79.12999725341797,79.9000015258789,79.05999755859375,79.41999816894531,55.56843185424805,2976700
2014-11-25,79.76000213623047,80.16999816894531,79.0199966430664,79.54000091552734,55.652381896972656,3458700
2014-11-26,79.56999969482422,79.6500015258789,78.69999694824219,79.27999877929688,55.470462799072266,4383900
2014-11-28,78.41000366210938,78.5999984741211,72.76000213623047,73.0199966430664,51.090484619140625,5301900
2014-12-01,73.0,73.7300033569336,71.06999969482422,71.86000061035156,50.27887725830078,7524300
2014-12-02,71.75,74.29000091552734,71.75,73.76000213623047,51.60826110839844,5166700
2014-12-03,73.80999755859375,75.26000213623047,73.79000091552734,74.83000183105469,52.356910705566406,3270600
2014-12-04,74.33000183105469,75.23999786376953,73.62000274658203,74.97000122070312,52.45484924316406,3904000
2014-12-05,74.81999969482422,75.19000244140625,72.91999816894531,73.0199966430664,51.090484619140625,4252400
2014-12-08,72.2300033569336,72.62999725341797,68.70999908447266,68.93000030517578,48.22880935668945,6709000
2014-12-09,68.55999755859375,69.12999725341797,67.55999755859375,68.80999755859375,48.14484786987305,5270200
2014-12-10,67.62999725341797,68.3499984741211,66.41999816894531,67.11000061035156,46.95540237426758,5589700
2014-12-11,67.11000061035156,68.12000274658203,66.62000274658203,66.81999969482422,46.752498626708984,4743700
2014-12-12,66.30000305175781,67.12000274658203,65.30999755859375,65.68000030517578,45.95485305786133,4427800
2014-12-15,66.6500015258789,67.41999816894531,64.87000274658203,65.08999633789062,45.54204177856445,9156000
2014-12-16,64.5999984741211,68.62999725341797,64.0199966430664,67.04000091552734,46.906410217285156,6209400
2014-12-17,66.77999877929688,69.1500015258789,66.62000274658203,68.36000061035156,47.829994201660156,4530100
2014-12-18,69.9000015258789,70.30000305175781,66.83000183105469,69.02999877929688,48.29877471923828,5258500
2014-12-19,69.5999984741211,71.88999938964844,69.08000183105469,71.80999755859375,50.24388122558594,6677000
2014-12-22,71.05999755859375,71.6500015258789,70.30000305175781,71.2300033569336,49.838077545166016,3540100
2014-12-23,71.48999786376953,72.7300033569336,71.30000305175781,72.55999755859375,50.76864242553711,3717500
2014-12-24,72.0999984741211,72.58999633789062,71.30999755859375,72.0999984741211,50.446781158447266,2090100
2014-12-26,72.33999633789062,73.33999633789062,72.0999984741211,72.6500015258789,50.83161544799805,1842900
2014-12-29,73.01000213623047,73.37000274658203,72.0999984741211,72.81999969482422,50.95055389404297,2980000
2014-12-30,72.80000305175781,73.61000061035156,72.19000244140625,72.91999816894531,51.02053451538086,3144000
2014-12-31,72.69999694824219,73.02999877929688,71.66000366210938,71.69999694824219,50.16691207885742,2565400
2015-01-02,71.61000061035156,72.44999694824219,70.94999694824219,72.29000091552734,50.57973098754883,2545200
2015-01-05,71.23999786376953,71.58999633789062,67.13999938964844,67.91999816894531,47.522125244140625,5886000
2015-01-06,67.66000366210938,68.76000213623047,66.0199966430664,66.0199966430664,46.192745208740234,5793500
2015-01-07,66.7699966430664,67.88999938964844,65.9000015258789,66.30999755859375,46.395652770996094,5556700
2015-01-08,67.0999984741211,68.9000015258789,66.5999984741211,68.88999938964844,48.2008171081543,5432700
2015-01-09,68.30999755859375,68.5,66.69999694824219,67.30999755859375,47.095333099365234,4438000
2015-01-12,66.4800033569336,66.5199966430664,63.83000183105469,64.23999786376953,44.947303771972656,5232300
2015-01-13,64.30999755859375,64.79000091552734,61.369998931884766,61.5,43.03019332885742,8886400
2015-01-14,60.63999938964844,60.97999954223633,57.33000183105469,59.41999816894531,41.57486343383789,11611100
2015-01-15,60.2400016784668,60.5,58.68000030517578,59.09000015258789,41.34397888183594,5531100
2015-01-16,59.0,61.08000183105469,59.0,60.83000183105469,42.56140899658203,4978600
2015-01-20,61.790000915527344,63.709999084472656,61.09000015258789,63.619998931884766,44.51350402832031,7995200
2015-01-21,64.2699966430664,66.62000274658203,63.70000076293945,66.25,46.353675842285156,7109000
2015-01-22,66.83999633789062,67.58999633789062,65.97000122070312,67.30999755859375,47.095333099365234,5501500
2015-01-23,67.47000122070312,69.19000244140625,66.97000122070312,68.5199966430664,47.94192886352539,4667600
2015-01-26,68.63999938964844,69.04000091552734,67.61000061035156,68.4000015258789,47.857967376708984,4149700
2015-01-27,67.69999694824219,69.77999877929688,67.5199966430664,69.5999984741211,48.69757843017578,4407900
2015-01-28,69.80000305175781,70.05999755859375,68.31999969482422,68.37000274658203,47.83700180053711,6039300
2015-01-29,69.94999694824219,70.69000244140625,68.6500015258789,70.4800033569336,49.31331253051758,5810100
2015-01-30,69.7300033569336,71.2699966430664,68.83999633789062,70.31999969482422,49.201351165771484,5793200
2015-02-02,71.30999755859375,72.80000305175781,70.06999969482422,72.80000305175781,50.936561584472656,4818900
2015-02-03,73.72000122070312,74.94000244140625,73.33000183105469,74.87999725341797,52.39189147949219,6683000
2015-02-04,73.83000183105469,75.12999725341797,72.7699966430664,74.41999816894531,52.07004928588867,5353000
2015-02-05,75.30000305175781,75.88999938964844,74.33000183105469,75.20999908447266,52.62278366088867,3014400
2015-02-06,75.31999969482422,76.62000274658203,75.0999984741211,76.0999984741211,53.24549102783203,3592200
2015-02-09,76.2699966430664,76.62000274658203,75.69000244140625,75.93000030517578,53.126548767089844,2783100
2015-02-10,75.19999694824219,75.86000061035156,73.83999633789062,75.66999816894531,52.944637298583984,3340600
2015-02-11,74.93000030517578,75.01000213623047,73.33999633789062,74.19000244140625,51.90912628173828,4125600
2015-02-12,74.7300033569336,75.31999969482422,74.08000183105469,75.11000061035156,52.90939712524414,2812700
2015-02-13,75.76000213623047,76.6500015258789,75.31999969482422,76.62000274658203,53.97308349609375,3479200
2015-02-17,76.37999725341797,77.27999877929688,75.87000274658203,76.9000015258789,54.17031478881836,3523800
2015-02-18,76.01000213623047,76.61000061035156,75.4800033569336,75.94999694824219,53.501102447509766,3997800
2015-02-19,75.47000122070312,77.87999725341797,74.94000244140625,77.43000030517578,54.54365158081055,4599000
2015-02-20,77.5199966430664,78.16999816894531,76.2699966430664,77.33999633789062,54.480262756347656,4566600
2015-02-23,76.75,79.45999908447266,76.75,79.33000183105469,55.88207244873047,3785500
2015-02-24,79.70999908447266,80.06999969482422,78.33000183105469,80.0,56.35403060913086,4442900
2015-02-25,79.87999725341797,80.58999633789062,78.91000366210938,79.08999633789062,55.7130126953125,2959700
2015-02-26,78.98999786376953,80.18000030517578,78.37999725341797,80.05999755859375,56.39628601074219,4279900
2015-02-27,80.0999984741211,80.44000244140625,78.44000244140625,78.45999908447266,55.26919937133789,4296600
2015-03-02,78.45999908447266,78.45999908447266,76.16999816894531,77.0,54.24077606201172,5976200
2015-03-03,77.52999877929688,78.37999725341797,77.4800033569336,78.08999633789062,55.008567810058594,3361500
2015-03-04,77.69999694824219,78.08000183105469,77.08000183105469,77.95999908447266,54.91700744628906,2199900
2015-03-05,78.19999694824219,78.3499984741211,76.86000061035156,76.87999725341797,54.15623092651367,2721700
2015-03-06,76.16000366210938,77.30000305175781,75.13999938964844,75.36000061035156,53.08549880981445,3681700
2015-03-09,75.44000244140625,77.47000122070312,75.44000244140625,76.29000091552734,53.74061584472656,3630500
2015-03-10,75.83999633789062,75.83999633789062,74.0199966430664,74.02999877929688,52.14860916137695,3496400
2015-03-11,74.27999877929688,75.0,74.16000366210938,74.55000305175781,52.51491928100586,2422400
2015-03-12,75.0999984741211,75.91000366210938,74.01000213623047,74.16000366210938,52.240203857421875,2960800
2015-03-13,74.13999938964844,74.76000213623047,73.54000091552734,74.63999938964844,52.57832336425781,2848900
2015-03-16,74.31999969482422,76.31999969482422,74.05999755859375,76.29000091552734,53.74061584472656,2471600
2015-03-17,75.58999633789062,76.29000091552734,74.73999786376953,75.94999694824219,53.501102447509766,2634300
2015-03-18,75.63999938964844,78.58999633789062,75.3499984741211,78.12000274658203,55.02971267700195,4731200
2015-03-19,77.22000122070312,77.87000274658203,76.69000244140625,77.51000213623047,54.60002517700195,2647400
2015-03-20,77.69999694824219,78.87999725341797,77.0,78.86000061035156,55.55099868774414,5172300
2015-03-23,79.0,79.48999786376953,78.5199966430664,78.52999877929688,55.31853485107422,2747400
2015-03-24,78.37999725341797,78.52999877929688,77.37999725341797,77.62999725341797,54.68455123901367,2198400
2015-03-25,78.58999633789062,80.08000183105469,78.33000183105469,79.0,55.64958572387695,4135100
2015-03-26,79.69999694824219,79.93000030517578,78.4000015258789,78.44000244140625,55.25513458251953,2035800
2015-03-27,78.61000061035156,78.83999633789062,77.31999969482422,77.61000061035156,54.67045211791992,1979000
2015-03-30,78.26000213623047,80.04000091552734,78.1500015258789,79.55999755859375,56.044097900390625,3035700
2015-03-31,78.44999694824219,79.38999938964844,78.4000015258789,78.5999984741211,55.36784744262695,2715700
2015-04-01,79.06999969482422,80.30000305175781,78.94000244140625,79.94000244140625,56.311771392822266,3257500
2015-04-02,79.27999877929688,80.06999969482422,77.94000244140625,78.16999816894531,55.06493377685547,4424700
2015-04-06,78.48999786376953,79.33000183105469,77.81999969482422,78.55000305175781,55.33260726928711,3260600
2015-04-07,78.63999938964844,78.8499984741211,77.69999694824219,77.7699966430664,54.78316116333008,2776100
2015-04-08,78.05999755859375,78.80000305175781,77.16999816894531,77.41000366210938,54.529563903808594,2352500
2015-04-09,77.27999877929688,77.91000366210938,76.80000305175781,77.80999755859375,54.811344146728516,3572700
2015-04-10,78.0,78.54000091552734,77.55999755859375,78.33999633789062,55.18468475341797,2306300
2015-04-13,78.44999694824219,78.4800033569336,76.43000030517578,76.93000030517578,54.19145965576172,3996800
2015-04-14,77.58000183105469,78.23999786376953,77.27999877929688,77.83000183105469,54.82543182373047,3443900
2015-04-15,77.94999694824219,79.18000030517578,77.9000015258789,78.94000244140625,55.60734558105469,2989800
2015-04-16,78.81999969482422,79.47000122070312,78.12999725341797,79.23999786376953,55.81865692138672,2545700
2015-04-17,78.66999816894531,78.77999877929688,77.75,78.01000213623047,54.95224380493164,2411000
2015-04-20,78.26000213623047,79.66000366210938,78.12000274658203,79.30000305175781,55.8609504699707,2620100
2015-04-21,79.30000305175781,79.63999938964844,78.69999694824219,79.5,56.00180435180664,2458100
2015-04-22,79.91999816894531,81.06999969482422,79.33999633789062,80.91999816894531,57.00210189819336,2822400
2015-04-23,81.13999938964844,81.72000122070312,80.83999633789062,81.2300033569336,57.22047805786133,2919000
2015-04-24,81.37999725341797,81.83999633789062,80.9000015258789,81.58999633789062,57.47407150268555,2067000
2015-04-27,81.87000274658203,81.93000030517578,81.01000213623047,81.06999969482422,57.10777282714844,2040000
2015-04-28,81.2300033569336,81.98999786376953,81.05000305175781,81.61000061035156,57.4881591796875,2265000
2015-04-29,81.43000030517578,81.94000244140625,80.88999938964844,81.0,57.05847930908203,2855600
2015-04-30,80.9000015258789,81.16999816894531,78.9000015258789,79.30999755859375,55.86798858642578,4829400
2015-05-01,79.41000366210938,81.66000366210938,79.13999938964844,81.61000061035156,57.4881591796875,3061900
2015-05-04,82.0,82.19000244140625,80.73999786376953,80.83999633789062,56.945777893066406,2833700
2015-05-05,81.0999984741211,81.4000015258789,80.3499984741211,80.44000244140625,56.66399002075195,2279300
2015-05-06,80.55000305175781,80.69999694824219,79.61000061035156,79.81999969482422,56.22724914550781,3398700
2015-05-07,79.80000305175781,80.12000274658203,78.91000366210938,79.94000244140625,56.311771392822266,4047600
2015-05-08,80.4000015258789,81.81999969482422,79.44000244140625,81.62999725341797,57.50224685668945,3008900
2015-05-11,81.9800033569336,81.9800033569336,80.26000213623047,80.54000091552734,56.73443603515625,2406400
2015-05-12,80.27999877929688,80.80000305175781,79.6500015258789,80.5,56.70625686645508,2245800
2015-05-13,80.94999694824219,81.18000030517578,80.11000061035156,80.7699966430664,56.89644241333008,2343100
2015-05-14,80.41000366210938,81.68000030517578,80.4000015258789,81.62999725341797,57.90371322631836,2658400
2015-05-15,81.54000091552734,81.54000091552734,80.86000061035156,81.05000305175781,57.492313385009766,2046500
2015-05-18,81.11000061035156,81.55999755859375,80.5199966430664,81.33000183105469,57.690914154052734,2015000
2015-05-19,80.9000015258789,81.0999984741211,80.2300033569336,80.69999694824219,57.24402618408203,2549200
2015-05-20,80.73999786376953,81.22000122070312,80.13999938964844,80.5199966430664,57.11634826660156,2551000
2015-05-21,80.69000244140625,81.37999725341797,80.2699966430664,81.0,57.456844329833984,2289400
2015-05-22,80.62000274658203,81.08000183105469,80.51000213623047,80.97000122070312,57.435543060302734,1735000
2015-05-26,80.16999816894531,80.37999725341797,78.87000274658203,79.36000061035156,56.29349899291992,3202900
2015-05-27,79.81999969482422,80.37999725341797,78.87000274658203,79.19000244140625,56.17292785644531,3368500
2015-05-28,78.94000244140625,79.66999816894531,77.9800033569336,79.55999755859375,56.435386657714844,3302200
2015-05-29,79.55999755859375,80.54000091552734,78.9000015258789,79.12000274658203,56.12327575683594,3734300
2015-06-01,79.55000305175781,80.25,79.19999694824219,79.3499984741211,56.28639221191406,3007400
2015-06-02,79.37999725341797,79.5,78.47000122070312,79.0999984741211,56.109073638916016,3281600
2015-06-03,78.79000091552734,78.86000061035156,77.72000122070312,78.30000305175781,55.541603088378906,3198400
2015-06-04,77.70999908447266,78.06999969482422,77.18000030517578,77.37999725341797,54.88900375366211,2623000
2015-06-05,77.23999786376953,78.61000061035156,77.16999816894531,78.05000305175781,55.3642578125,1934400
2015-06-08,77.11000061035156,77.76000213623047,76.83999633789062,77.18000030517578,54.74714279174805,3344500
2015-06-09,77.33999633789062,77.80999755859375,76.7300033569336,76.79000091552734,54.470497131347656,3383300
2015-06-10,77.41000366210938,78.3499984741211,77.18000030517578,77.80000305175781,55.18692398071289,3600200
2015-06-11,77.9800033569336,79.29000091552734,77.4800033569336,78.66999816894531,55.80404281616211,3126400
2015-06-12,78.16000366210938,78.33999633789062,76.94000244140625,77.6500015258789,55.08052444458008,2574600
2015-06-15,77.69999694824219,78.08999633789062,77.16000366210938,78.08000183105469,55.38554000854492,2546600
2015-06-16,78.0,78.44000244140625,77.2699966430664,78.38999938964844,55.605438232421875,2511000
2015-06-17,79.1500015258789,79.66000366210938,77.91999816894531,78.83999633789062,55.92463684082031,2799100
2015-06-18,78.91000366210938,80.4800033569336,78.80000305175781,80.02999877929688,56.768760681152344,2508100
2015-06-19,79.58000183105469,80.62000274658203,79.58000183105469,79.66999816894531,56.5134162902832,3030700
2015-06-22,80.0199966430664,80.0199966430664,78.94000244140625,79.5999984741211,56.4637451171875,3153000
2015-06-23,79.80000305175781,80.5999984741211,79.55999755859375,80.30999755859375,56.96738052368164,2453100
2015-06-24,79.69999694824219,80.12000274658203,78.95999908447266,79.19000244140625,56.17292785644531,3106400
2015-06-25,79.19000244140625,79.5199966430664,78.80000305175781,78.88999938964844,55.960113525390625,2347100
2015-06-26,78.80000305175781,79.66999816894531,78.55999755859375,79.62000274658203,56.477935791015625,8753600
2015-06-29,78.75,79.41000366210938,78.45999908447266,78.48999786376953,55.67637634277344,4888300
2015-06-30,79.23999786376953,81.36000061035156,79.18000030517578,80.55999755859375,57.14472579956055,4628100
2015-07-01,80.63999938964844,81.86000061035156,80.5199966430664,81.30000305175781,57.66965103149414,3779600
2015-07-02,81.47000122070312,82.18000030517578,81.0,81.44999694824219,57.77603530883789,3388900
2015-07-06,80.38999938964844,81.79000091552734,79.75,81.54000091552734,57.8398551940918,3978700
2015-07-07,81.9800033569336,82.62999725341797,79.91999816894531,82.3499984741211,58.4144401550293,4170700
2015-07-08,81.8499984741211,81.86000061035156,78.05999755859375,78.5,55.683467864990234,4513100
2015-07-09,79.5999984741211,80.0,79.19000244140625,79.44999694824219,56.357337951660156,3839200
2015-07-10,79.86000061035156,81.83999633789062,79.66000366210938,81.48999786376953,57.804412841796875,3236100
2015-07-13,82.05000305175781,84.23999786376953,82.05000305175781,83.41999816894531,59.17343521118164,4148900
2015-07-14,82.88999938964844,84.38999938964844,82.88999938964844,83.5199966430664,59.24436569213867,4884500
2015-07-15,82.79000091552734,83.3499984741211,81.41999816894531,81.7699966430664,58.00303268432617,3737700
2015-07-16,82.41999816894531,83.44000244140625,82.0199966430664,83.20999908447266,59.02447509765625,3017300
2015-07-17,83.20999908447266,83.30000305175781,82.0999984741211,83.23999786376953,59.045753479003906,2502100
2015-07-20,83.12999725341797,83.25,82.23999786376953,82.33000183105469,58.40026092529297,3095200
2015-07-21,82.30000305175781,83.0,81.4800033569336,81.9800033569336,58.152000427246094,2215000
2015-07-22,81.83999633789062,82.86000061035156,81.19999694824219,81.83000183105469,58.04558181762695,3725600
2015-07-23,82.11000061035156,82.4800033569336,81.22000122070312,81.38999938964844,57.73347473144531,2110100
2015-07-24,81.33999633789062,81.55999755859375,78.30000305175781,79.02999877929688,56.05940628051758,5377100
2015-07-27,78.0,78.04000091552734,75.44000244140625,76.72000122070312,54.42083740234375,7687900
2015-07-28,76.80000305175781,79.06999969482422,76.41999816894531,78.6500015258789,55.78988265991211,4784200
2015-07-29,78.55000305175781,80.18000030517578,78.44000244140625,80.02999877929688,56.768760681152344,4380000
2015-07-30,79.48999786376953,79.9800033569336,78.37999725341797,79.12000274658203,56.12327575683594,4040100
2015-07-31,78.47000122070312,80.62999725341797,77.91000366210938,79.5,56.392799377441406,3615800
2015-08-03,78.66999816894531,80.22000122070312,78.25,78.68000030517578,55.81116485595703,4085500
2015-08-04,79.11000061035156,79.44000244140625,78.08999633789062,78.26000213623047,55.513206481933594,3601300
2015-08-05,79.56999969482422,80.44999694824219,78.19000244140625,78.27999877929688,55.52741622924805,3102700
2015-08-06,78.44999694824219,79.86000061035156,77.94000244140625,79.63999938964844,56.492130279541016,4605300
2015-08-07,79.2699966430664,80.61000061035156,78.97000122070312,79.62000274658203,56.477935791015625,2969400
2015-08-10,80.06999969482422,82.52999877929688,80.0,82.5199966430664,58.53504180908203,3876700
2015-08-11,81.06999969482422,83.80999755859375,80.9000015258789,83.69999694824219,59.37204360961914,3584100
2015-08-12,83.37000274658203,84.8499984741211,82.12999725341797,84.31999969482422,59.81182861328125,5037900
2015-08-13,83.19999694824219,84.4000015258789,82.48999786376953,83.08000183105469,59.32627487182617,4177400
2015-08-14,82.69999694824219,83.5199966430664,81.81999969482422,82.30000305175781,58.769290924072266,3277000
2015-08-17,81.91999816894531,83.12999725341797,81.66000366210938,83.05999755859375,59.31199264526367,2586100
2015-08-18,82.68000030517578,83.56999969482422,82.37999725341797,83.25,59.44765853881836,2516800
2015-08-19,82.69999694824219,82.93000030517578,80.37000274658203,80.80000305175781,57.698150634765625,4913600
2015-08-20,80.23999786376953,81.77999877929688,79.41999816894531,79.52999877929688,56.791259765625,3737800
2015-08-21,78.69000244140625,79.08000183105469,75.66999816894531,75.73999786376953,54.08488845825195,7353200
2015-08-24,71.93000030517578,73.81999969482422,69.79000091552734,71.66000366210938,51.17140579223633,7050100
2015-08-25,73.62000274658203,74.12000274658203,70.4000015258789,70.55000305175781,50.3787727355957,4731500
2015-08-26,72.5,73.37000274658203,70.55999755859375,73.30000305175781,52.342506408691406,4573100
2015-08-27,75.02999877929688,76.54000091552734,73.16999816894531,75.0199966430664,53.57073211669922,5814300
2015-08-28,75.13999938964844,77.26000213623047,75.0999984741211,77.2300033569336,55.14887237548828,4889900
2015-08-31,79.5,80.13999938964844,77.27999877929688,79.06999969482422,56.46278381347656,8614300
2015-09-01,78.12999725341797,78.41999816894531,76.80999755859375,77.58999633789062,55.405941009521484,5302200
2015-09-02,79.13999938964844,79.18000030517578,76.8499984741211,78.55999755859375,56.09858703613281,3621900
2015-09-03,79.0999984741211,80.05999755859375,77.7699966430664,78.45999908447266,56.027198791503906,3358300
2015-09-04,77.5,78.01000213623047,76.70999908447266,77.19999694824219,55.12744903564453,4266100
2015-09-08,78.20999908447266,79.97000122070312,77.01000213623047,79.87999725341797,57.04118347167969,6212500
2015-09-09,80.05999755859375,82.75,79.95999908447266,80.6500015258789,57.59103775024414,6346100
2015-09-10,81.20999908447266,82.06999969482422,80.11000061035156,81.0199966430664,57.855255126953125,4424900
2015-09-11,80.83000183105469,80.9800033569336,79.72000122070312,80.5999984741211,57.55531692504883,3950700
2015-09-14,80.52999877929688,80.52999877929688,78.05000305175781,78.20999908447266,55.84865951538086,4261200
2015-09-15,78.4000015258789,79.63999938964844,77.7300033569336,79.20999908447266,56.56275177001953,4053900
2015-09-16,79.4000015258789,79.58999633789062,78.25,79.19000244140625,56.54849624633789,4018400
2015-09-17,79.4800033569336,80.76000213623047,78.37999725341797,79.30999755859375,56.63417053222656,4060300
2015-09-18,78.08999633789062,79.55999755859375,77.80000305175781,78.58999633789062,56.12001037597656,12950800
2015-09-21,78.80999755859375,80.5,78.4800033569336,79.26000213623047,56.598472595214844,3399100
2015-09-22,78.12000274658203,78.75,77.76000213623047,78.16999816894531,55.820098876953125,2957200
2015-09-23,78.55000305175781,79.52999877929688,77.81999969482422,77.8499984741211,55.59160614013672,2485200
2015-09-24,77.61000061035156,78.41999816894531,76.51000213623047,77.6500015258789,55.44878387451172,3727500
2015-09-25,78.18000030517578,78.80000305175781,77.26000213623047,77.94000244140625,55.65585708618164,3193100
2015-09-28,77.45999908447266,78.06999969482422,73.93000030517578,74.11000061035156,52.920921325683594,4161900
2015-09-29,74.80999755859375,75.98999786376953,74.25,74.51000213623047,53.20654296875,4335400
2015-09-30,76.20999908447266,77.27999877929688,75.44999694824219,76.83999633789062,54.8703727722168,3901000
2015-10-01,77.62999725341797,78.4800033569336,76.5199966430664,77.93000030517578,55.64874267578125,3044000
2015-10-02,77.11000061035156,79.4800033569336,76.44999694824219,79.4800033569336,56.75555419921875,2467100
2015-10-05,79.94000244140625,82.29000091552734,79.87999725341797,81.81999969482422,58.426513671875,3449600
2015-10-06,81.70999908447266,83.48999786376953,81.62000274658203,82.58000183105469,58.96921157836914,5355200
2015-10-07,82.93000030517578,83.79000091552734,81.26000213623047,83.23999786376953,59.44053268432617,4013700
2015-10-08,82.97000122070312,84.87000274658203,82.37000274658203,84.58000183105469,60.39739990234375,3179500
2015-10-09,84.61000061035156,84.79000091552734,82.51000213623047,83.5199966430664,59.64049530029297,3104300
2015-10-12,83.75,84.0,82.7300033569336,83.87000274658203,59.8903923034668,1791100
2015-10-13,83.0,83.95999908447266,82.01000213623047,82.16000366210938,58.66929244995117,3322200
2015-10-14,82.16000366210938,83.4000015258789,81.66999816894531,82.47000122070312,58.89068603515625,2172100
2015-10-15,83.02999877929688,83.88999938964844,81.86000061035156,83.48999786376953,59.61903381347656,2289700
2015-10-16,84.02999877929688,84.7699966430664,83.44000244140625,84.12000274658203,60.06890869140625,2679000
2015-10-19,83.41999816894531,83.69999694824219,81.4800033569336,81.62000274658203,58.28371047973633,3054100
2015-10-20,81.31999969482422,81.83000183105469,80.08000183105469,81.5999984741211,58.26941680908203,2896000
2015-10-21,81.87999725341797,81.9000015258789,80.2300033569336,80.5,57.48393249511719,2347500
2015-10-22,81.33000183105469,82.8499984741211,80.7300033569336,82.61000061035156,58.990665435791016,3323800
2015-10-23,82.61000061035156,84.44999694824219,82.41000366210938,83.3499984741211,59.519065856933594,2522900
2015-10-26,83.30999755859375,83.68000030517578,82.41000366210938,83.0,59.269142150878906,3124300
2015-10-27,82.33999633789062,83.55999755859375,82.05999755859375,83.55999755859375,59.66903305053711,2595800
2015-10-28,83.69000244140625,85.33000183105469,83.33999633789062,84.88999938964844,60.6187629699707,2672500
2015-10-29,84.5199966430664,86.91999816894531,84.5199966430664,86.43000030517578,61.71845245361328,3568900
2015-10-30,88.31999969482422,90.81999969482422,87.30000305175781,89.05000305175781,63.589359283447266,7125400
2015-11-02,88.38999938964844,91.5,88.30000305175781,90.5999984741211,64.69618225097656,4939700
2015-11-03,90.72000122070312,93.29000091552734,90.18000030517578,92.66999816894531,66.17436218261719,3636600
2015-11-04,93.0,94.12000274658203,92.5,93.33000183105469,66.64566040039062,3933900
2015-11-05,93.33999633789062,93.94999694824219,92.61000061035156,93.68000030517578,66.89556121826172,3115200
2015-11-06,93.20999908447266,93.72000122070312,92.04000091552734,92.75,66.23148345947266,2447100
2015-11-09,92.75,94.0,91.38999938964844,92.01000213623047,65.70306396484375,2730500
2015-11-10,91.38999938964844,92.94000244140625,90.91000366210938,92.0999984741211,66.17005157470703,2299200
2015-11-11,91.80999755859375,92.72000122070312,90.41000366210938,90.58999633789062,65.0851821899414,2590000
2015-11-12,89.95999908447266,89.95999908447266,88.41000366210938,89.23999786376953,64.11528015136719,2692300
2015-11-13,89.26000213623047,89.95999908447266,87.91999816894531,89.08000183105469,64.00029754638672,3080000
2015-11-16,88.9800033569336,91.0999984741211,88.33000183105469,91.06999969482422,65.43004608154297,2743500
2015-11-17,90.7699966430664,91.9800033569336,90.48999786376953,91.12000274658203,65.4659652709961,2306700
2015-11-18,91.27999877929688,92.72000122070312,91.26000213623047,92.54000091552734,66.48616790771484,1857500
2015-11-19,92.36000061035156,92.9800033569336,91.62999725341797,92.37999725341797,66.37124633789062,2367400
2015-11-20,92.55000305175781,92.98999786376953,91.5199966430664,91.66999816894531,65.86111450195312,2758700
2015-11-23,90.48999786376953,92.5,90.4800033569336,92.16999816894531,66.22035217285156,2725700
2015-11-24,92.0999984741211,93.91000366210938,91.54000091552734,93.12999725341797,66.9100570678711,2807400
2015-11-25,93.06999969482422,94.05999755859375,92.76000213623047,92.7699966430664,66.65140533447266,1949500
2015-11-27,92.29000091552734,93.30999755859375,92.11000061035156,92.76000213623047,66.64424896240234,769900
2015-11-30,93.08999633789062,93.45999908447266,91.33999633789062,91.52999877929688,65.76052856445312,4113100
2015-12-01,92.33000183105469,92.94999694824219,91.20999908447266,92.66999816894531,66.57957458496094,2580500
2015-12-02,92.16000366210938,93.0,90.08000183105469,90.44000244140625,64.97740936279297,3024700
2015-12-03,91.0,91.27999877929688,88.19999694824219,88.56999969482422,63.63389205932617,2834600
2015-12-04,90.3499984741211,90.66999816894531,88.69999694824219,90.19999694824219,64.80499267578125,3025900
2015-12-07,88.62000274658203,89.45999908447266,85.72000122070312,86.69000244140625,62.28318786621094,5261600
2015-12-08,85.56999969482422,87.43000030517578,85.11000061035156,86.44999694824219,62.11077117919922,3427300
2015-12-09,86.51000213623047,87.8499984741211,85.19999694824219,86.08999633789062,61.85210418701172,2916800
2015-12-10,86.4800033569336,87.55000305175781,85.68000030517578,86.75,62.326290130615234,2694500
2015-12-11,85.45999908447266,85.91000366210938,82.5199966430664,82.77999877929688,59.474021911621094,4232800
2015-12-14,82.31999969482422,82.83000183105469,80.27999877929688,81.4000015258789,58.48255157470703,5113500
2015-12-15,82.41999816894531,83.30000305175781,81.41999816894531,81.77999877929688,58.75556182861328,5233100
2015-12-16,81.55000305175781,83.4000015258789,81.55000305175781,83.05999755859375,59.675174713134766,3981600
2015-12-17,83.0,83.33999633789062,81.76000213623047,81.77999877929688,58.75556182861328,3147700
2015-12-18,81.5,81.77999877929688,79.68000030517578,80.55999755859375,57.87904357910156,6246600
2015-12-21,81.0199966430664,81.2699966430664,79.47000122070312,80.62000274658203,57.922142028808594,2809400
2015-12-22,80.91999816894531,82.27999877929688,80.66999816894531,81.69999694824219,58.69807434082031,2623100
2015-12-23,82.70999908447266,84.8499984741211,82.13999938964844,84.80000305175781,60.925323486328125,3113800
2015-12-24,84.52999877929688,84.9800033569336,83.80999755859375,84.36000061035156,60.60918045043945,1054200
2015-12-28,83.18000030517578,83.55999755859375,81.91000366210938,82.45999908447266,59.24412536621094,1690500
2015-12-29,83.72000122070312,83.87000274658203,82.58000183105469,82.7699966430664,59.46684265136719,1906100
2015-12-30,82.30999755859375,83.41000366210938,81.87000274658203,82.01000213623047,58.92082214355469,1527700
2015-12-31,81.5,82.41000366210938,81.20999908447266,81.80000305175781,58.76993942260742,2095800
2016-01-04,81.20999908447266,81.88999938964844,79.36000061035156,80.08000183105469,57.534183502197266,3251400
2016-01-05,80.37000274658203,81.19000244140625,80.05000305175781,81.0,58.19517517089844,2849900
2016-01-06,79.12000274658203,80.0,77.5999984741211,78.02999877929688,56.06133270263672,4273300
2016-01-07,76.66999816894531,78.11000061035156,75.94999694824219,76.44999694824219,54.926177978515625,6358000
2016-01-08,76.91999816894531,77.18000030517578,75.1500015258789,75.20999908447266,54.035282135009766,6010000
2016-01-11,75.86000061035156,77.51000213623047,74.37000274658203,76.18000030517578,54.73219680786133,4356000
2016-01-12,76.70999908447266,78.37999725341797,76.0,77.81999969482422,55.91047668457031,5370100
2016-01-13,78.91000366210938,78.93000030517578,74.54000091552734,75.25,54.06403350830078,6500200
2016-01-14,75.93000030517578,80.08000183105469,74.31999969482422,79.27999877929688,56.959407806396484,5363500
2016-01-15,76.91999816894531,78.5999984741211,76.61000061035156,78.47000122070312,56.37747573852539,5343200
2016-01-19,80.37999725341797,80.63999938964844,77.4800033569336,78.66999816894531,56.52116394042969,4574300
2016-01-20,76.9000015258789,78.20999908447266,75.37000274658203,76.93000030517578,55.27104568481445,5169900
2016-01-21,76.70999908447266,77.2300033569336,75.29000091552734,76.04000091552734,54.631591796875,4360700
2016-01-22,78.44999694824219,80.9000015258789,77.5999984741211,80.02999877929688,57.49826431274414,4035600
2016-01-25,79.06999969482422,79.73999786376953,76.16999816894531,76.2300033569336,54.76811599731445,4273700
2016-01-26,76.91000366210938,77.80000305175781,76.19000244140625,77.76000213623047,55.86735153198242,3177200
2016-01-27,77.13999938964844,79.7699966430664,76.41999816894531,77.7300033569336,55.84580612182617,4782100
2016-01-28,79.23999786376953,80.0,77.0,78.69999694824219,56.542720794677734,5161000
2016-01-29,78.0999984741211,80.2300033569336,75.80000305175781,80.1500015258789,57.584449768066406,7448400
2016-02-01,79.68000030517578,80.66000366210938,77.81999969482422,79.4800033569336,57.10310363769531,4487700
2016-02-02,78.58000183105469,79.44000244140625,77.80000305175781,78.5,56.39900207519531,4295400
2016-02-03,79.51000213623047,79.94000244140625,76.76000213623047,79.0999984741211,56.8300895690918,7337500
2016-02-04,79.08999633789062,80.91999816894531,78.5999984741211,79.87999725341797,57.390472412109375,5657700
2016-02-05,79.62999725341797,80.4800033569336,77.91999816894531,78.33000183105469,56.276885986328125,4650400
2016-02-08,78.33000183105469,78.33000183105469,73.30000305175781,76.27999877929688,54.80405044555664,7979800
2016-02-09,75.7699966430664,76.62000274658203,74.66999816894531,75.44000244140625,54.200538635253906,4348600
2016-02-10,76.0199966430664,77.0999984741211,74.66999816894531,75.29000091552734,54.0927619934082,5693400
2016-02-11,73.52999877929688,75.04000091552734,71.73999786376953,72.9000015258789,52.76811981201172,7720800
2016-02-12,74.0,75.31999969482422,73.83999633789062,75.19999694824219,54.43295669555664,4217700
2016-02-16,76.76000213623047,78.27999877929688,75.86000061035156,78.25,56.64069366455078,5690300
2016-02-17,79.08999633789062,80.88999938964844,78.87999725341797,80.58999633789062,58.334468841552734,4464600
2016-02-18,81.33999633789062,81.75,78.88999938964844,79.44000244140625,57.502079010009766,4609000
2016-02-19,78.75,80.18000030517578,78.38999938964844,80.08999633789062,57.97255325317383,3173500
2016-02-22,80.08999633789062,81.41999816894531,80.08999633789062,80.87000274658203,58.53714370727539,3278100
2016-02-23,80.4000015258789,80.61000061035156,78.52999877929688,78.55999755859375,56.86506652832031,3323400
2016-02-24,77.5199966430664,79.1500015258789,77.3499984741211,79.08999633789062,57.24871826171875,3667200
2016-02-25,79.25,79.33000183105469,77.62000274658203,78.76000213623047,57.00985336303711,3297200
2016-02-26,79.5199966430664,80.19000244140625,78.91999816894531,79.0999984741211,57.25594711303711,2490100
2016-02-29,79.4000015258789,80.37999725341797,78.93000030517578,79.38999938964844,57.46586227416992,3106400
2016-03-01,80.01000213623047,83.79000091552734,79.69999694824219,83.41000366210938,60.375732421875,6029000
2016-03-02,83.1500015258789,84.63999938964844,82.83999633789062,84.56999969482422,61.21537399291992,3585500
2016-03-03,84.94000244140625,86.58000183105469,84.55000305175781,86.08999633789062,62.315608978271484,3831300
2016-03-04,86.5,86.5999984741211,84.83999633789062,85.77999877929688,62.091217041015625,2891100
2016-03-07,85.37999725341797,87.83000183105469,85.06999969482422,87.41000366210938,63.271080017089844,3741800
2016-03-08,86.88999938964844,87.75,84.75,84.80000305175781,61.38187026977539,3514400
2016-03-09,85.5199966430664,87.2300033569336,85.19999694824219,86.08999633789062,62.315608978271484,3076700
2016-03-10,86.06999969482422,86.06999969482422,84.12000274658203,85.43000030517578,61.83788299560547,2464600
2016-03-11,86.25,86.7300033569336,85.11000061035156,86.43000030517578,62.56172561645508,2914700
2016-03-14,85.66999816894531,86.5,85.29000091552734,86.18000030517578,62.380741119384766,2028600
2016-03-15,85.0,86.66999816894531,84.9000015258789,86.5999984741211,62.68476104736328,2208900
2016-03-16,86.62999725341797,87.9000015258789,86.37000274658203,87.56999969482422,63.38691711425781,2351800
2016-03-17,88.01000213623047,88.66000366210938,86.44000244140625,88.37999725341797,63.97319793701172,2463500
2016-03-18,88.80000305175781,89.6500015258789,88.12999725341797,89.41000366210938,64.71878051757812,5398200
2016-03-21,89.1500015258789,89.95999908447266,89.11000061035156,89.69000244140625,64.92145538330078,2170200
2016-03-22,89.62000274658203,90.87000274658203,89.02999877929688,90.16000366210938,65.26163482666016,2171400
2016-03-23,89.94000244140625,89.94000244140625,87.87999725341797,88.12000274658203,63.78500747680664,2012500
2016-03-24,86.97000122070312,88.12000274658203,86.56999969482422,88.05999755859375,63.7415885925293,2547300
2016-03-28,87.87000274658203,88.12999725341797,87.06999969482422,87.48999786376953,63.32899475097656,2083500
2016-03-29,86.80000305175781,87.7300033569336,86.0199966430664,87.43000030517578,63.28556823730469,1974600
2016-03-30,88.19000244140625,88.61000061035156,86.9800033569336,87.62000274658203,63.423099517822266,1850900
2016-03-31,87.2699966430664,87.80999755859375,86.20999908447266,86.58999633789062,62.67753982543945,2810600
2016-04-01,85.5999984741211,85.95999908447266,84.87999725341797,85.66999816894531,62.0115966796875,2639100
2016-04-04,85.69999694824219,86.66000366210938,85.29000091552734,85.7300033569336,62.05503463745117,1817400
2016-04-05,85.08000183105469,85.69000244140625,84.20999908447266,84.80999755859375,61.38909149169922,2126100
2016-04-06,85.3499984741211,85.62000274658203,83.26000213623047,85.0199966430664,61.54111099243164,3172000
2016-04-07,84.5999984741211,85.0199966430664,83.83000183105469,84.51000213623047,61.17194747924805,1751800
2016-04-08,85.80000305175781,86.80999755859375,85.2699966430664,86.05999755859375,62.29390335083008,2741300
2016-04-11,86.5,86.8499984741211,84.55999755859375,84.58000183105469,61.22262191772461,2158100
2016-04-12,84.66999816894531,86.08999633789062,84.05999755859375,85.9800033569336,62.236000061035156,2587500
2016-04-13,86.4800033569336,87.0999984741211,85.80000305175781,87.01000213623047,62.981544494628906,2089200
2016-04-14,87.11000061035156,87.62999725341797,86.56999969482422,86.91999816894531,62.91640853881836,1735400
2016-04-15,86.66000366210938,86.66000366210938,84.8499984741211,84.8499984741211,61.418052673339844,2723400
2016-04-18,84.8499984741211,85.7300033569336,83.91000366210938,85.6500015258789,61.99711608886719,2454600
2016-04-19,85.72000122070312,86.5,85.29000091552734,86.41999816894531,62.55449676513672,1935800
2016-04-20,85.91000366210938,87.20999908447266,84.80999755859375,86.69000244140625,62.74989318847656,2344300
2016-04-21,86.83999633789062,87.6500015258789,86.08000183105469,87.4000015258789,63.263851165771484,2270700
2016-04-22,87.63999938964844,88.45999908447266,87.37999725341797,87.9800033569336,63.68367385864258,2038900
2016-04-25,87.9000015258789,88.23999786376953,86.88999938964844,87.93000030517578,63.64748764038086,1730700
2016-04-26,88.44999694824219,88.8499984741211,87.81999969482422,88.4000015258789,63.98768997192383,1654800
2016-04-27,88.8499984741211,89.30999755859375,88.01000213623047,88.94999694824219,64.38579559326172,2451700
2016-04-28,88.36000061035156,89.05999755859375,87.33999633789062,87.79000091552734,63.5461540222168,3039000
2016-04-29,85.20999908447266,86.02999877929688,81.1500015258789,82.11000061035156,59.434722900390625,7296800
2016-05-02,82.44000244140625,82.5,79.9800033569336,82.19999694824219,59.4998779296875,4486800
2016-05-03,80.69999694824219,80.9800033569336,79.44999694824219,80.01000213623047,57.914642333984375,4397100
2016-05-04,79.9000015258789,80.38999938964844,78.48999786376953,79.31999969482422,57.41520690917969,2996800
2016-05-05,80.0199966430664,80.81999969482422,78.44000244140625,79.08000183105469,57.2414665222168,2830500
2016-05-06,78.70999908447266,80.18000030517578,78.2699966430664,78.5199966430664,56.83611297607422,3802800
2016-05-09,78.5,78.52999877929688,76.87999725341797,78.31999969482422,56.69137954711914,3064600
2016-05-10,78.76000213623047,79.69000244140625,78.66000366210938,79.25,57.36452865600586,2236500
2016-05-11,79.16000366210938,80.36000061035156,78.62000274658203,79.38999938964844,57.46586227416992,2652200
2016-05-12,80.0,80.0999984741211,77.83999633789062,78.25,56.64069366455078,2603500
2016-05-13,78.25,79.13999938964844,77.91000366210938,78.33999633789062,56.705814361572266,3029400
2016-05-16,78.22000122070312,78.80000305175781,77.19999694824219,78.68000030517578,57.41365432739258,3107000
2016-05-17,78.55999755859375,79.30000305175781,78.04000091552734,78.30999755859375,57.14366149902344,2235800
2016-05-18,78.29000091552734,79.4800033569336,77.72000122070312,78.12999725341797,57.01231384277344,2508400
2016-05-19,77.55000305175781,77.95999908447266,76.68000030517578,77.6500015258789,56.66206741333008,2240900
2016-05-20,78.1500015258789,78.45999908447266,77.48999786376953,77.9000015258789,56.844478607177734,2352300
2016-05-23,77.51000213623047,78.62999725341797,77.4000015258789,77.81999969482422,56.78610610961914,2498900
2016-05-24,78.5999984741211,80.0,78.48999786376953,79.69999694824219,58.15795135498047,3454500
2016-05-25,80.08999633789062,80.47000122070312,79.47000122070312,80.12999725341797,58.47172164916992,2917400
2016-05-26,80.41999816894531,80.5999984741211,79.12000274658203,80.04000091552734,58.40607452392578,3572100
2016-05-27,80.05000305175781,80.80000305175781,79.75,80.62999725341797,58.83656692504883,2319000
2016-05-31,80.9000015258789,81.08000183105469,79.86000061035156,80.36000061035156,58.63957595825195,5908500
2016-06-01,79.9000015258789,80.95999908447266,79.38999938964844,80.8499984741211,58.99711990356445,3022500
2016-06-02,80.56999969482422,81.43000030517578,80.5199966430664,80.83000183105469,58.9825325012207,2303700
2016-06-03,80.61000061035156,80.88999938964844,79.38999938964844,80.12999725341797,58.47172164916992,2985100
2016-06-06,80.61000061035156,80.7699966430664,80.08000183105469,80.76000213623047,58.93146514892578,2185000
2016-06-07,80.87000274658203,81.58000183105469,80.54000091552734,81.31999969482422,59.340087890625,2708400
2016-06-08,81.58000183105469,82.41999816894531,81.01000213623047,82.37000274658203,60.106285095214844,3595800
2016-06-09,81.6500015258789,81.88999938964844,80.87999725341797,81.12999725341797,59.201438903808594,3298200
2016-06-10,80.25,80.66000366210938,79.62999725341797,80.06999969482422,58.427955627441406,2341400
2016-06-13,79.7300033569336,79.94000244140625,78.66999816894531,78.80000305175781,57.50122833251953,3347700
2016-06-14,78.62999725341797,79.33999633789062,77.62999725341797,78.9000015258789,57.574195861816406,2638700
2016-06-15,78.62999725341797,79.97000122070312,78.11000061035156,79.13999938964844,57.74932098388672,2321700
2016-06-16,78.47000122070312,79.56999969482422,78.0999984741211,79.43000030517578,57.9609260559082,1867400
2016-06-17,79.33999633789062,79.45999908447266,78.27999877929688,78.5,57.28229904174805,4086500
2016-06-20,79.52999877929688,80.23999786376953,78.95999908447266,79.05999755859375,57.69093704223633,2748300
2016-06-21,79.30000305175781,79.58000183105469,78.2300033569336,79.3499984741211,57.90256118774414,2331100
2016-06-22,79.37000274658203,80.30000305175781,79.1500015258789,79.54000091552734,58.041202545166016,1842100
2016-06-23,80.0199966430664,80.87000274658203,79.5999984741211,80.87000274658203,59.01173400878906,2097300
2016-06-24,78.29000091552734,79.73999786376953,78.29000091552734,78.62000274658203,57.3698616027832,6031800
2016-06-27,78.19000244140625,78.5199966430664,76.4000015258789,76.9000015258789,56.11478042602539,3474000
2016-06-28,78.0,78.79000091552734,77.06999969482422,78.75,57.46472930908203,2479000
2016-06-29,79.20999908447266,80.01000213623047,79.08000183105469,79.69999694824219,58.15795135498047,2348700
2016-06-30,79.4000015258789,79.48999786376953,77.70999908447266,79.33999633789062,57.89525604248047,3505600
2016-07-01,79.06999969482422,79.91000366210938,78.95999908447266,79.77999877929688,58.21633529663086,2661000
2016-07-05,78.97000122070312,79.31999969482422,77.4000015258789,77.93000030517578,56.86637878417969,3063900
2016-07-06,77.26000213623047,77.33000183105469,74.83999633789062,76.37000274658203,55.72800827026367,5344900
2016-07-07,76.58999633789062,77.0999984741211,73.66999816894531,74.2699966430664,54.19561767578125,6056100
2016-07-08,74.54000091552734,75.47000122070312,74.05999755859375,74.8499984741211,54.618858337402344,4058200
2016-07-11,74.8499984741211,75.58000183105469,74.76000213623047,75.20999908447266,54.88156509399414,2704900
2016-07-12,75.98999786376953,77.19000244140625,75.72000122070312,76.4000015258789,55.74991226196289,3309200
2016-07-13,76.08000183105469,76.51000213623047,74.81999969482422,76.25,55.640445709228516,3586500
2016-07-14,76.36000061035156,76.80999755859375,76.05999755859375,76.61000061035156,55.90314865112305,2901000
2016-07-15,76.91000366210938,76.91000366210938,75.5,75.66000366210938,55.20993423461914,2977600
2016-07-18,75.7699966430664,76.06999969482422,75.0,75.6500015258789,55.20263671875,2418400
2016-07-19,75.7300033569336,75.94000244140625,75.31999969482422,75.73999786376953,55.26830291748047,2018000
2016-07-20,75.73999786376953,76.0199966430664,75.0,75.33999633789062,54.97640609741211,2144500
2016-07-21,75.55000305175781,76.16999816894531,74.94999694824219,75.12000274658203,54.815887451171875,2631000
2016-07-22,75.12000274658203,75.4000015258789,74.61000061035156,75.38999938964844,55.012901306152344,1688300
2016-07-25,75.02999877929688,75.12000274658203,73.97000122070312,74.47000122070312,54.3415641784668,3318200
2016-07-26,74.47000122070312,76.30000305175781,74.37000274658203,76.2300033569336,55.625850677490234,2901700
2016-07-27,76.43000030517578,76.87000274658203,75.2699966430664,75.4000015258789,55.02021026611328,3108500
2016-07-28,75.69000244140625,76.37999725341797,75.08999633789062,76.25,55.640445709228516,4051900
2016-07-29,75.37999725341797,76.16000366210938,73.81999969482422,76.05999755859375,55.50181579589844,5548800
2016-08-01,75.30000305175781,75.62999725341797,74.0199966430664,74.26000213623047,54.18833923339844,3399600
2016-08-02,74.52999877929688,76.33000183105469,74.51000213623047,76.1500015258789,55.56747817993164,4528300
2016-08-03,76.5999984741211,78.73999786376953,76.30000305175781,78.66000366210938,57.3990592956543,4582400
2016-08-04,78.37000274658203,78.83000183105469,77.30999755859375,77.54000091552734,56.581787109375,2692900
2016-08-05,77.70999908447266,78.61000061035156,77.5,78.27999877929688,57.12175750732422,1619100
2016-08-08,78.88999938964844,79.5199966430664,78.4800033569336,78.58000183105469,57.340675354003906,2327900
2016-08-09,78.76000213623047,78.79000091552734,76.58000183105469,76.72000122070312,55.983421325683594,3052700
2016-08-10,76.88999938964844,77.86000061035156,76.5,76.94999694824219,56.151241302490234,2228200
2016-08-11,77.41999816894531,78.47000122070312,77.0,78.16000366210938,57.034210205078125,1962200
2016-08-12,78.38999938964844,78.9000015258789,78.0,78.80999755859375,57.508514404296875,2454500
2016-08-15,79.1500015258789,79.25,78.22000122070312,78.58999633789062,57.347984313964844,2808000
2016-08-16,78.12000274658203,78.25,77.70999908447266,77.9800033569336,57.36268997192383,1624800
2016-08-17,78.05999755859375,78.20999908447266,77.26000213623047,77.70999908447266,57.16407012939453,2642600
2016-08-18,77.9800033569336,78.18000030517578,77.18000030517578,77.94999694824219,57.340614318847656,3632100
2016-08-19,77.62999725341797,78.69000244140625,77.51000213623047,78.05000305175781,57.41416931152344,2400300
2016-08-22,77.5199966430664,77.66000366210938,76.80000305175781,76.97000122070312,56.61973571777344,2252000
2016-08-23,77.16999816894531,78.19000244140625,76.95999908447266,77.81999969482422,57.24498748779297,1724100
2016-08-24,77.80000305175781,78.2300033569336,77.19999694824219,77.68000030517578,57.14200210571289,1655700
2016-08-25,77.88999938964844,79.44999694824219,77.83000183105469,79.06999969482422,58.164493560791016,3666000
2016-08-26,79.0999984741211,79.69999694824219,78.16999816894531,78.62000274658203,57.83348083496094,2061300
2016-08-29,78.86000061035156,79.30000305175781,78.6500015258789,78.87999725341797,58.02473449707031,1782300
2016-08-30,78.87999725341797,79.79000091552734,78.87999725341797,79.33000183105469,58.355770111083984,1980800
2016-08-31,79.1500015258789,79.37000274658203,78.11000061035156,78.44999694824219,57.70842361450195,2648800
2016-09-01,78.93000030517578,78.93000030517578,77.66000366210938,78.29000091552734,57.59071731567383,2165400
2016-09-02,78.97000122070312,79.02999877929688,78.4800033569336,78.87000274658203,58.01738739013672,1561100
2016-09-06,79.27999877929688,79.33999633789062,78.76000213623047,79.11000061035156,58.19391632080078,2729900
2016-09-07,79.23999786376953,79.98999786376953,79.1500015258789,79.58999633789062,58.547019958496094,3312500
2016-09-08,79.80000305175781,80.45999908447266,79.47000122070312,80.08000183105469,58.90746307373047,2001800
2016-09-09,79.38999938964844,79.41000366210938,77.86000061035156,77.86000061035156,57.27442169189453,2834200
2016-09-12,77.48999786376953,79.20999908447266,77.16999816894531,78.83999633789062,57.99532699584961,2224700
2016-09-13,78.0,78.05000305175781,77.12000274658203,77.25,56.8256950378418,4007800
2016-09-14,77.13999938964844,78.2300033569336,76.76000213623047,76.97000122070312,56.61973571777344,3115100
2016-09-15,77.43000030517578,79.52999877929688,77.0999984741211,79.0999984741211,58.18657684326172,2875300
2016-09-16,78.31999969482422,79.29000091552734,78.2300033569336,79.08999633789062,58.17920684814453,7599600
2016-09-19,79.76000213623047,80.87999725341797,79.18000030517578,80.3499984741211,59.10606384277344,3205500
2016-09-20,80.3499984741211,80.47000122070312,79.58000183105469,79.58000183105469,58.53965759277344,2218400
2016-09-21,79.81999969482422,80.19000244140625,79.37000274658203,80.06999969482422,58.90010070800781,2133400
2016-09-22,80.5,81.08000183105469,80.01000213623047,80.02999877929688,58.87068176269531,1728500
2016-09-23,79.69000244140625,79.94999694824219,79.05999755859375,79.58000183105469,58.53965759277344,2065100
2016-09-26,79.77999877929688,80.2699966430664,79.38999938964844,79.47000122070312,58.458763122558594,2351000
2016-09-27,79.0199966430664,79.81999969482422,78.91999816894531,79.41000366210938,58.41460418701172,2274600
2016-09-28,79.7300033569336,81.30999755859375,79.30000305175781,81.19000244140625,59.724002838134766,2954500
2016-09-29,81.05000305175781,81.19000244140625,78.86000061035156,79.27999877929688,58.3189811706543,4121800
2016-09-30,79.91999816894531,80.95999908447266,79.55000305175781,80.55000305175781,59.25320053100586,2819900
2016-10-03,80.41999816894531,80.7699966430664,79.80999755859375,80.41000366210938,59.150211334228516,1702800
2016-10-04,80.33999633789062,81.2699966430664,79.73999786376953,79.81999969482422,58.7161865234375,1985400
2016-10-05,80.58999633789062,81.41000366210938,80.36000061035156,81.08999633789062,59.650428771972656,2358100
2016-10-06,81.18000030517578,81.5,80.04000091552734,80.7699966430664,59.41502380371094,1828800
2016-10-07,81.0,81.06999969482422,80.0,80.38999938964844,59.13551330566406,1614700
2016-10-10,80.86000061035156,81.44000244140625,80.80000305175781,81.30000305175781,59.80491638183594,1338500
2016-10-11,81.23999786376953,81.33999633789062,80.18000030517578,80.55999755859375,59.260555267333984,1581600
2016-10-12,80.55999755859375,80.55999755859375,79.51000213623047,79.80999755859375,58.708866119384766,1664600
2016-10-13,79.18000030517578,79.45999908447266,78.05999755859375,79.1500015258789,58.22334289550781,2185300
2016-10-14,79.73999786376953,80.12000274658203,79.20999908447266,79.30999755859375,58.34104537963867,1420800
2016-10-17,79.30999755859375,79.72000122070312,78.75,79.13999938964844,58.21599197387695,2397000
2016-10-18,79.7300033569336,79.98999786376953,79.30000305175781,79.58999633789062,58.547019958496094,1339300
2016-10-19,79.91000366210938,80.11000061035156,79.44999694824219,79.66999816894531,58.605857849121094,1737400
2016-10-20,79.4000015258789,79.91999816894531,78.91000366210938,79.73999786376953,58.6573600769043,1407300
2016-10-21,79.20999908447266,80.43000030517578,78.80000305175781,80.3499984741211,59.10606384277344,2070800
2016-10-24,80.52999877929688,81.02999877929688,79.87000274658203,80.58999633789062,59.28262710571289,1490300
2016-10-25,80.29000091552734,81.08000183105469,79.94000244140625,80.76000213623047,59.407676696777344,2263300
2016-10-26,80.27999877929688,81.51000213623047,80.11000061035156,81.05999755859375,59.62836456298828,2064900
2016-10-27,81.12000274658203,81.26000213623047,79.86000061035156,79.98999786376953,58.84126281738281,2434400
2016-10-28,79.2300033569336,81.76000213623047,79.0,80.12999725341797,58.94424819946289,2977400
2016-10-31,80.19999694824219,81.98999786376953,80.0199966430664,81.1500015258789,59.69458770751953,2819800
2016-11-01,82.3499984741211,83.20999908447266,79.47000122070312,80.25,59.032508850097656,4350600
2016-11-02,79.5,79.80999755859375,78.01000213623047,78.33999633789062,57.62750244140625,2958400
2016-11-03,78.58999633789062,79.80000305175781,77.66000366210938,79.08000183105469,58.17185592651367,2530700
2016-11-04,78.87999725341797,79.55000305175781,78.26000213623047,78.5999984741211,57.81875991821289,1568500
2016-11-07,79.62000274658203,80.2300033569336,79.5199966430664,79.93000030517578,58.79712677001953,2051400
2016-11-08,79.72000122070312,80.7300033569336,79.61000061035156,79.88999938964844,58.76768112182617,1617300
2016-11-09,79.29000091552734,83.16000366210938,78.93000030517578,82.44999694824219,60.65085983276367,4490400
2016-11-10,82.33999633789062,83.76000213623047,82.19000244140625,83.08999633789062,61.12163543701172,3188500
2016-11-11,82.9000015258789,83.08999633789062,81.87000274658203,82.22000122070312,60.481658935546875,2185500
2016-11-14,82.22000122070312,83.5,82.02999877929688,83.36000061035156,61.32027816772461,2602400
2016-11-15,83.36000061035156,83.77999877929688,82.5,83.69999694824219,62.039222717285156,2991100
2016-11-16,83.6500015258789,83.81999969482422,82.77999877929688,83.0,61.5203857421875,1601300
2016-11-17,83.72000122070312,84.61000061035156,83.30000305175781,83.83000183105469,62.135589599609375,2294800
2016-11-18,83.88999938964844,84.18000030517578,83.52999877929688,83.63999938964844,61.9947509765625,2220300
2016-11-21,84.4800033569336,84.93000030517578,83.97000122070312,84.86000061035156,62.899044036865234,2118400
2016-11-22,84.95999908447266,85.62999725341797,84.16999816894531,84.87999725341797,62.91386032104492,2853900
2016-11-23,84.83999633789062,85.5999984741211,84.4800033569336,85.05999755859375,63.04728317260742,2681300
2016-11-25,84.81999969482422,84.91999816894531,84.51000213623047,84.88999938964844,62.92127227783203,972200
2016-11-28,84.80000305175781,85.02999877929688,84.0199966430664,84.08999633789062,62.32827377319336,3389300
2016-11-29,83.36000061035156,83.5,82.30000305175781,82.38999938964844,61.0682258605957,2150500
2016-11-30,83.0999984741211,83.80999755859375,82.33000183105469,83.08000183105469,61.579673767089844,4999400
2016-12-01,83.91999816894531,85.80000305175781,83.5999984741211,84.9800033569336,62.98798751831055,3535500
2016-12-02,84.75,85.69999694824219,84.69999694824219,84.87999725341797,62.91386032104492,2104400
2016-12-05,85.37999725341797,85.88999938964844,84.88999938964844,85.44000244140625,63.328941345214844,2811300
2016-12-06,85.12999725341797,85.43000030517578,84.55999755859375,84.91000366210938,62.93609619140625,2564200
2016-12-07,85.08000183105469,87.0999984741211,84.94000244140625,87.01000213623047,64.49264526367188,2687000
2016-12-08,87.05999755859375,87.97000122070312,86.91999816894531,87.62999725341797,64.95219421386719,2240700
2016-12-09,87.69000244140625,87.69000244140625,86.86000061035156,87.16000366210938,64.60383605957031,1513000
2016-12-12,88.0,88.4800033569336,86.7300033569336,87.30000305175781,64.70760345458984,1844200
2016-12-13,87.73999786376953,88.87000274658203,87.33000183105469,88.16999816894531,65.35243225097656,1976900
2016-12-14,87.6500015258789,88.05999755859375,86.3499984741211,86.41999816894531,64.05531311035156,2667500
2016-12-15,86.12000274658203,87.08999633789062,85.93000030517578,86.56999969482422,64.1664810180664,2133800
2016-12-16,86.80000305175781,87.55999755859375,86.54000091552734,87.45999908447266,64.826171875,2295800
2016-12-19,87.19000244140625,87.44000244140625,86.8499984741211,87.16999816894531,64.61122131347656,1516800
2016-12-20,87.37999725341797,87.48999786376953,86.66999816894531,86.94000244140625,64.44075012207031,1483700
2016-12-21,87.11000061035156,87.2300033569336,86.55999755859375,86.77999877929688,64.32215881347656,1512600
2016-12-22,86.69999694824219,87.93000030517578,86.44000244140625,87.55999755859375,64.9002914428711,1456700
2016-12-23,87.27999877929688,87.9000015258789,87.27999877929688,87.72000122070312,65.01890563964844,948800
2016-12-27,87.87000274658203,88.13999938964844,87.61000061035156,87.73999786376953,65.03372192382812,926600
2016-12-28,87.7300033569336,87.95999908447266,87.02999877929688,87.12000274658203,64.57416534423828,1359800
2016-12-29,87.01000213623047,87.48999786376953,86.36000061035156,86.6500015258789,64.22578430175781,1035700
2016-12-30,86.6500015258789,87.05000305175781,86.01000213623047,86.41000366210938,64.04788208007812,1374800
2017-01-03,87.30999755859375,87.91999816894531,86.6500015258789,86.79000091552734,64.32957458496094,2257900
2017-01-04,87.16999816894531,88.26000213623047,87.08000183105469,87.26000213623047,64.67794036865234,2306900
2017-01-05,87.26000213623047,88.12000274658203,86.66000366210938,86.73999786376953,64.29249572753906,2056300
2017-01-06,86.77999877929688,86.97000122070312,85.27999877929688,85.4000015258789,63.299293518066406,1989400
2017-01-09,84.91000366210938,84.91000366210938,83.75,84.0199966430664,62.27640914916992,2581900
2017-01-10,84.0,85.18000030517578,83.58999633789062,83.76000213623047,62.083709716796875,3697700
2017-01-11,83.91000366210938,85.5999984741211,83.80000305175781,84.88999938964844,62.92127227783203,3543500
2017-01-12,85.08999633789062,85.12000274658203,83.51000213623047,84.33999633789062,62.51360321044922,2169400
2017-01-13,84.05999755859375,84.16000366210938,83.06999969482422,83.29000091552734,61.7353401184082,2242900
2017-01-17,83.20999908447266,84.6500015258789,83.08000183105469,83.55999755859375,61.93546676635742,2379700
2017-01-18,83.5199966430664,84.51000213623047,83.5,84.12999725341797,62.35795211791992,1967400
2017-01-19,83.94999694824219,84.08000183105469,82.68000030517578,82.98999786376953,61.512977600097656,1929600
2017-01-20,83.48999786376953,84.02999877929688,82.58000183105469,83.04000091552734,61.55004119873047,2068200
2017-01-23,83.27999877929688,83.37000274658203,82.0199966430664,82.19999694824219,60.92742156982422,2033700
2017-01-24,82.63999938964844,84.45999908447266,82.55000305175781,84.19000244140625,62.40241622924805,2398500
2017-01-25,84.70999908447266,85.29000091552734,84.47000122070312,85.0,63.0028076171875,1707900
2017-01-26,85.18000030517578,85.33999633789062,84.02999877929688,84.23999786376953,62.43948745727539,1618200
2017-01-27,84.01000213623047,84.3499984741211,82.5,82.7699966430664,61.34991455078125,2099300
2017-01-30,82.5,82.75,81.69000244140625,82.33000183105469,61.02376937866211,2375000
2017-01-31,82.0,82.37000274658203,81.1500015258789,81.62000274658203,60.49751281738281,2740200
2017-02-01,82.11000061035156,82.31999969482422,80.36000061035156,80.75,59.852684020996094,3030200
2017-02-02,80.93000030517578,81.26000213623047,80.2300033569336,81.05000305175781,60.07501983642578,3386800
2017-02-03,80.5,81.19999694824219,78.81999969482422,79.94999694824219,59.25971221923828,3672500
2017-02-06,80.0,80.19000244140625,79.0,79.13999938964844,58.6593132019043,3016700
2017-02-07,79.0999984741211,79.13999938964844,77.80999755859375,78.55000305175781,58.222015380859375,3255400
2017-02-08,78.25,79.0199966430664,77.80999755859375,78.86000061035156,58.451759338378906,3042800
2017-02-09,78.86000061035156,79.62999725341797,78.86000061035156,79.25,58.74083709716797,2596900
2017-02-10,79.41999816894531,79.9800033569336,79.37999725341797,79.86000061035156,59.19298553466797,2030700
2017-02-13,79.86000061035156,80.12000274658203,79.56999969482422,79.9000015258789,59.22262191772461,2111900
2017-02-14,79.9800033569336,80.0999984741211,79.1500015258789,79.9800033569336,59.28193664550781,2543900
2017-02-15,79.7300033569336,80.38999938964844,79.66000366210938,80.08000183105469,59.35606002807617,2272800
2017-02-16,79.5999984741211,79.69000244140625,78.4000015258789,78.5,58.64632797241211,2939200
2017-02-17,78.48999786376953,79.23999786376953,78.3499984741211,78.66000366210938,58.765869140625,2219200
2017-02-21,79.08000183105469,79.38999938964844,78.76000213623047,79.02999877929688,59.042274475097656,2833700
2017-02-22,79.0,79.0,78.22000122070312,78.37999725341797,58.55666732788086,2017500
2017-02-23,79.0,79.3499984741211,78.36000061035156,78.61000061035156,58.72850036621094,1864600
2017-02-24,78.38999938964844,78.48999786376953,77.69000244140625,78.02999877929688,58.29520034790039,2225500
2017-02-27,78.19999694824219,79.19000244140625,78.0,78.86000061035156,58.915252685546875,2648400
2017-02-28,78.77999877929688,79.13999938964844,78.11000061035156,78.19000244140625,58.414730072021484,3243100
2017-03-01,78.91000366210938,80.02999877929688,78.87999725341797,79.37000274658203,59.296287536621094,3204500
2017-03-02,79.27999877929688,79.3499984741211,78.16000366210938,78.33000183105469,58.51930236816406,2550400
2017-03-03,78.5,79.02999877929688,78.18000030517578,78.33999633789062,58.526771545410156,1737700
2017-03-06,78.16000366210938,78.88999938964844,78.01000213623047,78.72000122070312,58.8106803894043,1848200
2017-03-07,78.61000061035156,78.80999755859375,77.38999938964844,77.4800033569336,57.884300231933594,2679200
2017-03-08,77.61000061035156,78.30999755859375,77.12999725341797,77.25,57.712467193603516,2817600
2017-03-09,77.0199966430664,77.4000015258789,76.27999877929688,76.83999633789062,57.40614318847656,2684500
2017-03-10,77.18000030517578,78.9800033569336,76.58999633789062,78.86000061035156,58.915252685546875,5038100
2017-03-13,78.91000366210938,79.48999786376953,78.70999908447266,79.01000213623047,59.02733612060547,2178700
2017-03-14,78.5,78.7699966430664,78.16000366210938,78.51000213623047,58.653778076171875,2343400
2017-03-15,78.94000244140625,80.27999877929688,78.94000244140625,80.1500015258789,59.87902069091797,2411800
2017-03-16,80.05999755859375,80.0999984741211,79.41999816894531,79.69000244140625,59.53535842895508,2474600
2017-03-17,79.86000061035156,80.08999633789062,79.62999725341797,79.94000244140625,59.72214126586914,2799600
2017-03-20,79.87999725341797,79.98999786376953,79.0999984741211,79.41000366210938,59.3261833190918,2285400
2017-03-21,79.48999786376953,79.77999877929688,78.26000213623047,78.5999984741211,58.72102355957031,4631300
2017-03-22,78.30000305175781,78.94000244140625,77.83999633789062,78.83000183105469,58.89287567138672,3026800
2017-03-23,78.56999969482422,79.19000244140625,78.43000030517578,78.4800033569336,58.63139724731445,2211800
2017-03-24,78.41999816894531,78.66999816894531,77.12000274658203,77.2699966430664,57.72740936279297,2359700
2017-03-27,76.97000122070312,77.79000091552734,76.66000366210938,77.25,57.712467193603516,2089300
2017-03-28,77.41000366210938,78.11000061035156,77.08000183105469,77.91999816894531,58.213008880615234,2388500
2017-03-29,77.80999755859375,78.5,77.54000091552734,78.31999969482422,58.5118522644043,2282000
2017-03-30,78.37999725341797,78.8499984741211,77.94000244140625,78.58999633789062,58.71357727050781,3241500
2017-03-31,78.48999786376953,79.43000030517578,78.41000366210938,79.22000122070312,59.18422317504883,2744100
2017-04-03,79.08999633789062,79.22000122070312,78.0,78.29000091552734,58.48943328857422,1711600
2017-04-04,78.5,78.55000305175781,77.66999816894531,78.43000030517578,58.59402847290039,1368100
2017-04-05,78.73999786376953,79.4800033569336,77.52999877929688,77.56999969482422,57.951541900634766,2867200
2017-04-06,77.58999633789062,77.6500015258789,76.6500015258789,76.87999725341797,57.43601989746094,3322400
2017-04-07,76.95999908447266,77.66000366210938,76.52999877929688,77.1500015258789,57.63776397705078,2484300
2017-04-10,77.51000213623047,78.6500015258789,77.5,78.05000305175781,58.31013107299805,2503900
2017-04-11,77.80999755859375,77.97000122070312,77.1500015258789,77.87999725341797,58.18312072753906,2042900
2017-04-12,78.12999725341797,78.26000213623047,77.26000213623047,77.37999725341797,57.80960464477539,2006100
2017-04-13,77.26000213623047,77.69000244140625,76.45999908447266,76.66999816894531,57.27916717529297,2606600
2017-04-17,76.66000366210938,77.01000213623047,76.56999969482422,77.01000213623047,57.53315353393555,1548800
2017-04-18,76.6500015258789,76.98999786376953,75.63999938964844,75.93000030517578,56.726295471191406,2326300
2017-04-19,75.94000244140625,76.1500015258789,75.13999938964844,75.33000183105469,56.2780647277832,2511300
2017-04-20,75.5,76.37000274658203,75.33000183105469,75.75,56.59183120727539,1682300
2017-04-21,75.5999984741211,76.58999633789062,75.5999984741211,76.3499984741211,57.040077209472656,2561100
2017-04-24,77.12000274658203,77.58999633789062,76.73999786376953,77.51000213623047,57.90670394897461,2483300
2017-04-25,77.5999984741211,78.18000030517578,77.25,78.08000183105469,58.33252716064453,2632800
2017-04-26,77.93000030517578,78.88999938964844,77.66000366210938,78.11000061035156,58.35496139526367,2977500
2017-04-27,78.01000213623047,78.12999725341797,76.93000030517578,78.05000305175781,58.31013107299805,3001200
2017-04-28,79.5999984741211,80.94000244140625,79.06999969482422,79.55999755859375,59.438255310058594,5260800
2017-05-01,79.5199966430664,80.3499984741211,79.31999969482422,79.55999755859375,59.438255310058594,2632700
2017-05-02,79.93000030517578,80.06999969482422,79.05999755859375,79.26000213623047,59.21409606933594,2202900
2017-05-03,78.91000366210938,79.75,78.73999786376953,79.58999633789062,59.46064758300781,1946200
2017-05-04,79.30000305175781,79.30000305175781,78.0,78.23999786376953,58.45207977294922,2163800
2017-05-05,78.33000183105469,79.43000030517578,78.31999969482422,79.3499984741211,59.281341552734375,1764000
2017-05-08,79.06999969482422,79.7300033569336,78.79000091552734,79.63999938964844,59.49799728393555,1867800
2017-05-09,79.54000091552734,80.11000061035156,79.37999725341797,79.5999984741211,59.46812438964844,1455800
2017-05-10,79.7699966430664,80.04000091552734,79.45999908447266,79.75,59.58018112182617,1690500
2017-05-11,79.9000015258789,80.0199966430664,79.20999908447266,79.5199966430664,59.408363342285156,1440400
2017-05-12,79.47000122070312,79.9800033569336,79.30000305175781,79.79000091552734,59.610042572021484,1439900
2017-05-15,80.29000091552734,80.68000030517578,79.83000183105469,80.12000274658203,59.85660934448242,1725800
2017-05-16,79.44000244140625,79.47000122070312,78.22000122070312,78.54000091552734,59.19339370727539,2011800
2017-05-17,78.54000091552734,78.77999877929688,77.62999725341797,77.66999816894531,58.53768539428711,2208700
2017-05-18,77.37999725341797,77.94000244140625,76.80999755859375,77.55000305175781,58.4472541809082,2534400
2017-05-19,77.66000366210938,78.52999877929688,77.3499984741211,78.25,58.97481918334961,2293200
2017-05-22,78.30999755859375,78.79000091552734,78.20999908447266,78.55000305175781,59.200923919677734,1386600
2017-05-23,78.75,78.79000091552734,78.08999633789062,78.13999938964844,58.891910552978516,2977000
2017-05-24,78.11000061035156,78.61000061035156,77.91000366210938,78.27999877929688,58.99741744995117,1424900
2017-05-25,78.51000213623047,78.87999725341797,77.22000122070312,77.41999816894531,58.349266052246094,2765100
2017-05-26,77.62999725341797,77.91000366210938,77.1500015258789,77.44000244140625,58.364356994628906,2300400
2017-05-30,77.27999877929688,77.68000030517578,76.81999969482422,77.0,58.032718658447266,1920200
2017-05-31,76.9000015258789,77.2300033569336,76.0,76.11000061035156,57.361961364746094,3842300
2017-06-01,76.37999725341797,76.70999908447266,75.9000015258789,76.62000274658203,57.746341705322266,2503800
2017-06-02,76.16999816894531,76.80999755859375,75.8499984741211,76.37000274658203,57.557926177978516,2150900
2017-06-05,76.19000244140625,77.2300033569336,76.19000244140625,76.86000061035156,57.92719650268555,2251900
2017-06-06,76.69000244140625,77.0999984741211,76.31999969482422,77.04000091552734,58.062870025634766,1707200
2017-06-07,76.63999938964844,77.16000366210938,76.3499984741211,76.95999908447266,58.00255584716797,2556000
2017-06-08,76.95999908447266,77.94000244140625,76.80000305175781,77.4000015258789,58.33419418334961,2434700
2017-06-09,77.36000061035156,79.69999694824219,77.30000305175781,79.56999969482422,59.96965789794922,2832800
2017-06-12,79.56999969482422,80.4800033569336,79.56999969482422,80.20999908447266,60.4520149230957,2971200
2017-06-13,80.29000091552734,80.7300033569336,79.9000015258789,80.62999725341797,60.76854705810547,1843100
2017-06-14,80.58999633789062,80.63999938964844,78.75,78.77999877929688,59.3742561340332,2810800
2017-06-15,78.61000061035156,79.37999725341797,78.52999877929688,79.08000183105469,59.60036087036133,2157300
2017-06-16,79.43000030517578,80.9800033569336,79.20999908447266,80.94000244140625,61.002193450927734,4870900
2017-06-19,80.98999786376953,81.5199966430664,80.8499984741211,81.23999786376953,61.2282829284668,2757400
2017-06-20,80.30000305175781,80.5999984741211,78.91000366210938,79.55000305175781,59.954593658447266,2299700
2017-06-21,79.55000305175781,79.7699966430664,78.62999725341797,78.88999938964844,59.45713806152344,2073900
2017-06-22,79.0199966430664,79.41000366210938,78.62999725341797,78.91000366210938,59.47220993041992,1016100
2017-06-23,78.81999969482422,80.37000274658203,78.80000305175781,80.2699966430664,60.49721908569336,2696600
2017-06-26,80.27999877929688,80.6500015258789,80.05999755859375,80.23999786376953,60.47460174560547,1512900
2017-06-27,80.38999938964844,81.30000305175781,80.23999786376953,80.54000091552734,60.700714111328125,1653900
2017-06-28,81.0,82.12999725341797,80.98999786376953,81.79000091552734,61.64279556274414,2317500
2017-06-29,82.0999984741211,82.81999969482422,81.79000091552734,81.87000274658203,61.703125,2514000
2017-06-30,82.31999969482422,83.11000061035156,81.91999816894531,82.69000244140625,62.32110595703125,2458700
2017-07-03,82.97000122070312,83.87000274658203,82.91999816894531,83.33999633789062,62.81098937988281,1076900
2017-07-05,83.25,83.25,82.1500015258789,82.33000183105469,62.049774169921875,1974200
2017-07-06,82.4000015258789,82.5999984741211,81.69000244140625,81.88999938964844,61.718162536621094,1590800
2017-07-07,81.91999816894531,82.81999969482422,81.55000305175781,82.5999984741211,62.25327682495117,1710800
2017-07-10,82.4800033569336,82.87000274658203,82.33000183105469,82.45999908447266,62.14778137207031,1498700
2017-07-11,82.27999877929688,82.75,81.91000366210938,82.36000061035156,62.07240676879883,1365400
2017-07-12,82.83000183105469,83.0999984741211,81.91000366210938,82.23999786376953,61.981971740722656,1606000
2017-07-13,81.94000244140625,82.25,81.11000061035156,81.72000122070312,61.59004592895508,2318400
2017-07-14,81.86000061035156,82.3499984741211,81.6500015258789,82.19999694824219,61.95180892944336,1435800
2017-07-17,81.91999816894531,82.22000122070312,81.63999938964844,81.80999755859375,61.65788269042969,1843700
2017-07-18,82.08999633789062,82.12999725341797,81.51000213623047,81.95999908447266,61.77092742919922,1339100
2017-07-19,81.94999694824219,82.94000244140625,81.86000061035156,82.91999816894531,62.49446487426758,1666200
2017-07-20,82.97000122070312,83.12000274658203,81.98999786376953,82.36000061035156,62.07240676879883,1167700
2017-07-21,82.30999755859375,83.33000183105469,81.9800033569336,82.8499984741211,62.441707611083984,2190600
2017-07-24,82.69000244140625,83.0199966430664,82.5199966430664,82.6500015258789,62.290950775146484,1417900
2017-07-25,83.20999908447266,84.68000030517578,83.20999908447266,84.44999694824219,63.64756393432617,2335600
2017-07-26,84.69000244140625,84.72000122070312,83.62000274658203,83.69999694824219,63.08232498168945,1753700
2017-07-27,83.52999877929688,84.93000030517578,83.33999633789062,84.51000213623047,63.692806243896484,2188400
2017-07-28,84.23999786376953,84.6500015258789,83.48999786376953,83.6500015258789,63.04462432861328,2169400
2017-07-31,83.87999725341797,84.38999938964844,83.75,83.75,63.12001037597656,3641500
2017-08-01,84.04000091552734,85.80999755859375,84.0,85.62999725341797,64.53689575195312,2696700
2017-08-02,85.44999694824219,87.30000305175781,85.37999725341797,86.66999816894531,65.32071685791016,2952400
2017-08-03,86.7699966430664,87.12000274658203,85.58999633789062,85.6500015258789,64.55197143554688,2430100
2017-08-04,85.69000244140625,86.19000244140625,85.58000183105469,85.5999984741211,64.51429748535156,2087500
2017-08-07,85.52999877929688,85.58999633789062,84.87999725341797,85.06999969482422,64.11485290527344,2187200
2017-08-08,84.83999633789062,85.30999755859375,84.52999877929688,85.0199966430664,64.07716369628906,1848000
2017-08-09,85.0,85.55999755859375,84.31999969482422,84.48999786376953,63.677711486816406,2297100
2017-08-10,84.41999816894531,84.75,83.4800033569336,83.63999938964844,63.03710174560547,1850500
2017-08-11,83.08999633789062,83.80000305175781,82.95999908447266,83.44000244140625,62.88637924194336,1858200
2017-08-14,83.5999984741211,84.30000305175781,83.44000244140625,83.87999725341797,63.21799850463867,1758700
2017-08-15,83.75,84.08000183105469,83.23999786376953,83.68000030517578,63.0672607421875,1907600
2017-08-16,83.30999755859375,83.4800033569336,82.76000213623047,83.02999877929688,63.105255126953125,2138400
2017-08-17,82.66999816894531,83.01000213623047,80.88999938964844,80.88999938964844,61.47877502441406,2359100
2017-08-18,80.80000305175781,82.16999816894531,80.7300033569336,81.55999755859375,61.98800277709961,2288900
2017-08-21,81.41000366210938,82.04000091552734,81.13999938964844,81.9000015258789,62.24641036987305,1686900
2017-08-22,82.12000274658203,82.5999984741211,81.98999786376953,82.2300033569336,62.497222900390625,1709100
2017-08-23,81.97000122070312,82.6500015258789,81.87999725341797,82.36000061035156,62.59602355957031,1159800
2017-08-24,82.05999755859375,84.41000366210938,82.05999755859375,83.87000274658203,63.74367141723633,2463200
2017-08-25,84.30000305175781,84.83999633789062,83.37000274658203,83.41999816894531,63.40167999267578,1778600
2017-08-28,84.11000061035156,84.5999984741211,83.5199966430664,83.6500015258789,63.57647705078125,2285600
2017-08-29,83.5,83.98999786376953,83.25,83.5,63.462459564208984,1696800
2017-08-30,83.5,83.73999786376953,82.94999694824219,83.5999984741211,63.53847885131836,1853600
2017-08-31,83.97000122070312,83.9800033569336,83.12000274658203,83.80999755859375,63.69807052612305,2446000
2017-09-01,83.87000274658203,84.61000061035156,83.19000244140625,84.43000030517578,64.16928100585938,2048800
2017-09-05,84.31999969482422,84.4000015258789,82.66000366210938,83.23999786376953,63.26486587524414,2491400
2017-09-06,83.63999938964844,83.94999694824219,83.18000030517578,83.36000061035156,63.356040954589844,1885900
2017-09-07,83.4800033569336,84.19999694824219,83.11000061035156,84.04000091552734,63.872886657714844,1853200
2017-09-08,84.02999877929688,85.11000061035156,83.95999908447266,84.69999694824219,64.37448120117188,1936700
2017-09-11,84.9000015258789,85.41999816894531,84.43000030517578,85.19000244140625,64.74691009521484,1508900
2017-09-12,85.19999694824219,85.83999633789062,85.08000183105469,85.7300033569336,65.1573257446289,1567300
2017-09-13,85.88999938964844,86.45999908447266,85.5199966430664,86.3499984741211,65.62855529785156,1748100
2017-09-14,86.18000030517578,86.76000213623047,85.94999694824219,86.23999786376953,65.54495239257812,2002600
2017-09-15,86.30000305175781,87.81999969482422,86.29000091552734,87.66999816894531,66.63178253173828,4363600
2017-09-18,87.61000061035156,88.3499984741211,87.5,88.30999755859375,67.11819458007812,1815900
2017-09-19,88.37000274658203,89.30999755859375,88.0199966430664,89.08999633789062,67.71102142333984,1928600
2017-09-20,89.02999877929688,89.51000213623047,88.7699966430664,89.06999969482422,67.69585418701172,2279000
2017-09-21,88.9000015258789,89.70999908447266,88.80000305175781,89.13999938964844,67.74903106689453,2035700
2017-09-22,89.13999938964844,90.0999984741211,89.0199966430664,89.88999938964844,68.31904602050781,2036600
2017-09-25,89.97000122070312,91.5,89.8499984741211,91.01000213623047,69.17027282714844,2039700
2017-09-26,91.1500015258789,91.68000030517578,90.91000366210938,91.3499984741211,69.42868041992188,1986500
2017-09-27,91.38999938964844,92.08000183105469,90.58000183105469,91.80000305175781,69.77069854736328,2468200
2017-09-28,91.9800033569336,92.19000244140625,91.29000091552734,91.79000091552734,69.76310729980469,2197400
2017-09-29,91.66000366210938,92.08000183105469,91.3499984741211,91.61000061035156,69.62629699707031,1947300
2017-10-02,91.36000061035156,92.66999816894531,91.20999908447266,92.37999725341797,70.21154022216797,1929500
2017-10-03,93.80000305175781,94.69000244140625,93.25,93.62999725341797,71.16156005859375,2606100
2017-10-04,93.38999938964844,93.70999908447266,92.76000213623047,93.43000030517578,71.0095443725586,2214300
2017-10-05,93.52999877929688,94.12000274658203,93.0999984741211,93.33000183105469,70.93354797363281,2046000
2017-10-06,92.7699966430664,93.33000183105469,92.41000366210938,92.81999969482422,70.5459213256836,1769400
2017-10-09,93.44999694824219,93.76000213623047,93.04000091552734,93.31999969482422,70.92594909667969,1238700
2017-10-10,93.66000366210938,94.0,93.31999969482422,93.47000122070312,71.03994750976562,1109900
2017-10-11,93.47000122070312,93.94999694824219,92.91999816894531,93.68000030517578,71.19956970214844,1644300
2017-10-12,93.44999694824219,94.45999908447266,93.33000183105469,94.33999633789062,71.701171875,1692800
2017-10-13,94.69000244140625,95.0,94.22000122070312,94.43000030517578,71.76959228515625,1608600
2017-10-16,93.5,93.79000091552734,90.69999694824219,90.87000274658203,69.06388092041016,3563000
2017-10-17,90.69000244140625,91.0999984741211,90.4000015258789,90.62999725341797,68.88147735595703,2398400
2017-10-18,90.73999786376953,90.87999725341797,89.9000015258789,90.23999786376953,68.5850601196289,1942200
2017-10-19,89.70999908447266,90.58000183105469,89.26000213623047,90.38999938964844,68.6990737915039,1899800
2017-10-20,90.79000091552734,91.02999877929688,90.38999938964844,90.80000305175781,69.01068115234375,2109800
2017-10-23,90.88999938964844,91.76000213623047,90.69999694824219,91.23999786376953,69.3450927734375,2036000
2017-10-24,91.27999877929688,91.88999938964844,90.66999816894531,91.83000183105469,69.79351043701172,1425700
2017-10-25,91.81999969482422,92.3499984741211,91.2300033569336,91.70999908447266,69.7022933959961,2187400
2017-10-26,91.51000213623047,92.0,90.80000305175781,91.18000030517578,69.29949951171875,1683300
2017-10-27,91.05000305175781,92.08000183105469,90.19999694824219,91.98999786376953,69.91509246826172,2082900
2017-10-30,91.58000183105469,92.31999969482422,90.98999786376953,91.0199966430664,69.17789459228516,1922900
2017-10-31,90.94000244140625,91.44000244140625,90.29000091552734,91.08000183105469,69.2234878540039,1442200
2017-11-01,91.02999877929688,92.6500015258789,90.91999816894531,92.30000305175781,70.15074157714844,2152200
2017-11-02,92.20999908447266,93.5999984741211,91.91000366210938,93.45999908447266,71.0323486328125,1822800
2017-11-03,93.33000183105469,94.41999816894531,93.05999755859375,93.58000183105469,71.12355041503906,1868100
2017-11-06,93.58999633789062,94.94999694824219,93.29000091552734,94.43000030517578,71.76959228515625,1927100
2017-11-07,94.66999816894531,94.87000274658203,93.94999694824219,94.56999969482422,71.8759994506836,1370900
2017-11-08,94.5199966430664,94.66999816894531,94.0199966430664,94.55000305175781,71.86078643798828,2035400
2017-11-09,93.61000061035156,94.62999725341797,93.61000061035156,94.41999816894531,71.7619857788086,1532600
2017-11-10,94.30999755859375,94.51000213623047,93.31999969482422,93.66000366210938,71.18437194824219,1347800
2017-11-13,93.66000366210938,94.20999908447266,93.19999694824219,93.31999969482422,70.92594909667969,1264000
2017-11-14,92.58999633789062,93.38999938964844,92.38999938964844,92.83000183105469,70.55353546142578,1774800
2017-11-15,92.19999694824219,93.05999755859375,91.44999694824219,92.56999969482422,70.35592651367188,1766000
2017-11-16,92.0,92.73999786376953,91.54000091552734,92.45999908447266,70.80775451660156,2197900
2017-11-17,92.23999786376953,93.19000244140625,91.97000122070312,92.6500015258789,70.95328521728516,1340700
2017-11-20,92.48999786376953,92.9800033569336,92.1500015258789,92.62000274658203,70.9302978515625,919600
2017-11-21,92.93000030517578,94.04000091552734,92.86000061035156,93.62000274658203,71.69612884521484,1509100
2017-11-22,93.66999816894531,93.95999908447266,92.69999694824219,93.29000091552734,71.4433822631836,1414100
2017-11-24,93.33000183105469,93.86000061035156,93.29000091552734,93.63999938964844,71.71144104003906,605700
2017-11-27,93.54000091552734,93.63999938964844,92.55000305175781,92.80999755859375,71.07579803466797,2066200
2017-11-28,93.45999908447266,94.22000122070312,92.83999633789062,94.05000305175781,72.02542114257812,1584200
2017-11-29,94.05000305175781,95.04000091552734,94.05000305175781,94.91000366210938,72.68402099609375,2004100
2017-11-30,95.0,97.69000244140625,94.91999816894531,97.55999755859375,74.71343994140625,3332600
2017-12-01,97.9800033569336,98.16000366210938,95.3499984741211,97.56999969482422,74.72110748291016,2329600
2017-12-04,96.98999786376953,99.3499984741211,96.98999786376953,97.52999877929688,74.69048309326172,1953800
2017-12-05,97.75,99.3499984741211,97.54000091552734,98.2699966430664,75.2571792602539,1820200
2017-12-06,98.12000274658203,98.62000274658203,97.29000091552734,97.58999633789062,74.73641967773438,1612400
2017-12-07,97.5,98.29000091552734,97.31999969482422,97.86000061035156,74.9432144165039,1485700
2017-12-08,98.5199966430664,99.87000274658203,98.19999694824219,99.55000305175781,76.23743438720703,2360000
2017-12-11,99.37000274658203,100.25,99.37000274658203,99.72000122070312,76.36762237548828,1299500
2017-12-12,99.87999725341797,100.12999725341797,99.0,99.06999969482422,75.86984252929688,1670400
2017-12-13,99.33000183105469,100.38999938964844,98.98999786376953,99.98999786376953,76.57439422607422,1912700
2017-12-14,99.8499984741211,100.45999908447266,99.55000305175781,99.55000305175781,76.23743438720703,1455900
2017-12-15,100.0,100.41000366210938,99.58000183105469,99.91999816894531,76.52079010009766,2957300
2017-12-18,99.91999816894531,100.41999816894531,99.66999816894531,99.9800033569336,76.56673431396484,1833000
2017-12-19,100.04000091552734,100.13999938964844,99.06999969482422,99.13999938964844,75.92344665527344,1552300
2017-12-20,99.6500015258789,100.9800033569336,99.22000122070312,100.72000122070312,77.1334457397461,2223100
2017-12-21,100.66999816894531,100.83999633789062,99.91000366210938,100.08000183105469,76.64331817626953,2359900
2017-12-22,100.6500015258789,101.27999877929688,100.30999755859375,100.88999938964844,77.26363372802734,1092600
2017-12-26,101.13999938964844,101.80999755859375,100.86000061035156,101.63999938964844,77.83800506591797,900400
2017-12-27,101.80999755859375,102.43000030517578,101.2699966430664,102.05999755859375,78.15966033935547,1226000
2017-12-28,102.0999984741211,102.16000366210938,101.41999816894531,101.95999908447266,78.08304595947266,1258300
2017-12-29,102.25,102.29000091552734,101.1500015258789,101.1500015258789,77.46275329589844,1267600
2018-01-02,101.66000366210938,101.83000183105469,101.06999969482422,101.75,77.9222412109375,1222300
2018-01-03,101.44999694824219,102.80000305175781,101.41000366210938,102.43000030517578,78.4429931640625,1351700
2018-01-04,102.4000015258789,102.72000122070312,101.81999969482422,102.1500015258789,78.22856903076172,1110600
2018-01-05,102.19999694824219,102.3499984741211,101.63999938964844,102.16000366210938,78.2362060546875,1752500
2018-01-08,102.5,102.5,101.45999908447266,102.05999755859375,78.15966033935547,1236500
2018-01-09,101.9000015258789,102.25,101.37000274658203,101.72000122070312,77.89926147460938,1537000
2018-01-10,101.91999816894531,102.41000366210938,101.30000305175781,102.08000183105469,78.17496490478516,977500
2018-01-11,102.62000274658203,102.62000274658203,101.51000213623047,102.37000274658203,78.39705657958984,1358600
2018-01-12,102.54000091552734,105.08999633789062,102.5,104.97000122070312,80.38816833496094,1849300
2018-01-16,104.54000091552734,104.88999938964844,103.16999816894531,103.5,79.26241302490234,2601200
2018-01-17,103.94999694824219,106.91000366210938,103.83000183105469,106.16000366210938,81.29951477050781,2333400
2018-01-18,106.43000030517578,106.43000030517578,104.55000305175781,105.29000091552734,80.63325500488281,1514000
2018-01-19,105.52999877929688,105.6500015258789,104.81999969482422,105.62999725341797,80.89363861083984,1657500
2018-01-22,105.58999633789062,106.81999969482422,105.38999938964844,106.66000366210938,81.68241882324219,1348000
2018-01-23,106.9000015258789,107.33999633789062,106.55999755859375,106.9000015258789,81.86621856689453,1436500
2018-01-24,107.22000122070312,107.47000122070312,103.80000305175781,104.62999725341797,80.12779998779297,1945300
2018-01-25,105.01000213623047,105.33000183105469,103.97000122070312,104.16999816894531,79.77552795410156,1864000
2018-01-26,104.62000274658203,106.91999816894531,104.5199966430664,106.58999633789062,81.62879943847656,2645100
2018-01-29,106.12000274658203,106.44000244140625,103.94999694824219,104.25,79.83679962158203,2563500
2018-01-30,103.05000305175781,103.69000244140625,101.88999938964844,102.27999877929688,78.32811737060547,2049800
2018-01-31,102.5999984741211,102.94999694824219,101.63999938964844,102.4000015258789,78.4200210571289,3388700
2018-02-01,102.33000183105469,102.98999786376953,99.66999816894531,100.86000061035156,77.24066162109375,3243600
2018-02-02,101.0999984741211,101.0999984741211,96.08000183105469,97.01000213623047,74.292236328125,4492300
2018-02-05,95.81999969482422,99.56999969482422,93.55000305175781,95.20999908447266,72.91378021240234,4252500
2018-02-06,92.87999725341797,97.0,92.69999694824219,96.87999725341797,74.19270324707031,2894200
2018-02-07,96.81999969482422,98.08999633789062,95.58999633789062,95.61000061035156,73.22010803222656,2199700
2018-02-08,95.48999786376953,95.5199966430664,92.41000366210938,92.44000244140625,70.79244995117188,2621100
2018-02-09,93.12000274658203,94.12999725341797,89.13999938964844,92.5999984741211,70.91497802734375,2679300
2018-02-12,93.45999908447266,94.7699966430664,92.61000061035156,93.58999633789062,71.67314147949219,1809000
2018-02-13,93.23999786376953,94.29000091552734,92.95999908447266,93.76000213623047,71.8033218383789,1441200
2018-02-14,93.38999938964844,93.80999755859375,91.31999969482422,93.33000183105469,71.47402954101562,4091300
2018-02-15,93.9800033569336,94.4000015258789,91.62000274658203,92.7699966430664,71.04517364501953,2639600
2018-02-16,91.77999877929688,92.91999816894531,90.94999694824219,91.98999786376953,70.98345184326172,2220500
2018-02-20,91.94999694824219,92.58000183105469,90.26000213623047,90.98999786376953,70.2117919921875,2957100
2018-02-21,91.05999755859375,91.52999877929688,89.55999755859375,89.58000183105469,69.12377166748047,2256700
2018-02-22,90.0999984741211,91.19999694824219,89.58999633789062,90.12999725341797,69.54817962646484,2905600
2018-02-23,90.58999633789062,91.86000061035156,90.11000061035156,91.83000183105469,70.85997009277344,2922000
2018-02-26,92.62000274658203,93.2300033569336,91.95999908447266,92.5199966430664,71.39241027832031,3391100
2018-02-27,92.7699966430664,93.75,92.0999984741211,92.12000274658203,71.0837631225586,3183100
2018-02-28,92.94999694824219,93.04000091552734,90.33999633789062,90.37000274658203,69.73336791992188,3233800
2018-03-01,90.54000091552734,91.91999816894531,89.5,90.87000274658203,70.11920166015625,3431900
2018-03-02,90.06999969482422,91.63999938964844,89.79000091552734,91.37000274658203,70.50503540039062,1903800
2018-03-05,91.0199966430664,93.22000122070312,90.66999816894531,93.05999755859375,71.80908966064453,2953300
2018-03-06,93.55000305175781,94.30999755859375,92.75,93.93000030517578,72.48043060302734,2056500
2018-03-07,93.02999877929688,95.04000091552734,93.0199966430664,94.22000122070312,72.7042007446289,1791400
2018-03-08,94.2300033569336,95.2300033569336,93.55000305175781,95.19000244140625,73.45269012451172,2101300
2018-03-09,96.0,96.29000091552734,95.43000030517578,95.91000366210938,74.00825500488281,1776400
2018-03-12,95.70999908447266,96.25,94.88999938964844,94.98999786376953,73.2983627319336,1310600
2018-03-13,95.11000061035156,96.12000274658203,94.11000061035156,94.55000305175781,72.95884704589844,1735500
2018-03-14,94.83999633789062,95.30999755859375,94.01000213623047,94.20999908447266,72.69647979736328,1607800
2018-03-15,94.63999938964844,95.18000030517578,93.25,94.45999908447266,72.88938903808594,2688200
2018-03-16,94.61000061035156,96.0199966430664,94.58000183105469,95.79000091552734,73.91567993164062,3193400
2018-03-19,95.13999938964844,95.44999694824219,93.88999938964844,94.4000015258789,72.84310150146484,1778400
2018-03-20,94.68000030517578,95.9000015258789,94.58000183105469,95.0999984741211,73.38324737548828,2011800
2018-03-21,95.33999633789062,96.9800033569336,95.19999694824219,96.1500015258789,74.1934814453125,1623300
2018-03-22,95.2300033569336,96.22000122070312,94.5,94.69999694824219,73.07460021972656,1401500
2018-03-23,95.12000274658203,96.16999816894531,93.08000183105469,93.38999938964844,72.0637435913086,1743600
2018-03-26,94.7300033569336,96.11000061035156,93.98999786376953,96.0,74.07772064208984,1618800
2018-03-27,96.33000183105469,97.29000091552734,95.12999725341797,95.70999908447266,73.85394287109375,1533100
2018-03-28,95.7699966430664,96.56999969482422,94.20999908447266,94.33000183105469,72.78907775878906,2399200
2018-03-29,94.93000030517578,96.5,94.87000274658203,95.91999816894531,74.01599884033203,1553000
2018-04-02,95.83000183105469,96.20999908447266,93.37999725341797,94.94999694824219,73.26748657226562,1677600
2018-04-03,95.4000015258789,96.30000305175781,94.77999877929688,96.18000030517578,74.21660614013672,1511100
2018-04-04,94.98999786376953,96.2300033569336,92.68000030517578,95.98999786376953,74.06999206542969,2492100
2018-04-05,96.75,98.26000213623047,96.26000213623047,97.7699966430664,75.44354248046875,1856800
2018-04-06,97.45999908447266,97.88999938964844,95.91999816894531,96.97000122070312,74.82622528076172,2596300
2018-04-09,97.33000183105469,98.69000244140625,97.0,97.73999786376953,75.4203872680664,1401200
2018-04-10,99.11000061035156,100.86000061035156,98.87000274658203,100.25,77.35720825195312,1825300
2018-04-11,99.94999694824219,102.91999816894531,99.94999694824219,102.55000305175781,79.13198852539062,2247500
2018-04-12,102.77999877929688,103.27999877929688,101.9000015258789,102.62999725341797,79.1937255859375,2031600
2018-04-13,103.27999877929688,104.19000244140625,102.70999908447266,103.73999786376953,80.05022430419922,1496600
2018-04-16,104.2699966430664,107.23999786376953,104.16999816894531,106.81999969482422,82.42689514160156,2142000
2018-04-17,107.33999633789062,108.29000091552734,106.44000244140625,107.86000061035156,83.22940826416016,2087300
2018-04-18,108.33999633789062,110.08999633789062,108.30999755859375,108.88999938964844,84.0241928100586,2488400
2018-04-19,109.05999755859375,110.8499984741211,108.19999694824219,110.63999938964844,85.37458038330078,3075300
2018-04-20,110.41000366210938,111.30999755859375,109.7300033569336,110.98999786376953,85.64466857910156,3155400
2018-04-23,110.9800033569336,111.47000122070312,109.79000091552734,111.44999694824219,85.9996109008789,1958600
2018-04-24,111.94999694824219,113.2699966430664,108.80999755859375,109.2300033569336,84.28656005859375,3092900
2018-04-25,108.56999969482422,110.04000091552734,107.5199966430664,109.79000091552734,84.71867370605469,2043200
2018-04-26,110.23999786376953,112.88999938964844,109.5199966430664,112.5199966430664,86.82524871826172,2819500
2018-04-27,110.76000213623047,111.97000122070312,109.69999694824219,111.33999633789062,85.91472625732422,2062800
2018-04-30,111.87999725341797,113.31999969482422,111.19000244140625,111.30999755859375,85.8915786743164,3310300
2018-05-01,111.66999816894531,111.98999786376953,110.33000183105469,111.8499984741211,86.30828094482422,3783500
2018-05-02,111.44000244140625,115.47000122070312,111.3499984741211,114.5199966430664,88.36854553222656,3452700
2018-05-03,114.0999984741211,115.61000061035156,112.93000030517578,115.58999633789062,89.19420623779297,3096500
2018-05-04,115.69999694824219,115.80000305175781,114.44000244140625,115.61000061035156,89.20965576171875,2526400
2018-05-07,115.94999694824219,117.98999786376953,115.31999969482422,115.41000366210938,89.05533599853516,2631500
2018-05-08,115.4000015258789,116.36000061035156,113.69000244140625,116.25,89.70350646972656,3056800
2018-05-09,117.0,118.58999633789062,116.55999755859375,117.5,90.6680679321289,3148100
2018-05-10,118.1500015258789,118.38999938964844,117.18000030517578,117.95999908447266,91.02301025390625,1969600
2018-05-11,118.12999725341797,118.45999908447266,117.37000274658203,117.76000213623047,90.86869049072266,1851400
2018-05-14,118.25,119.16000366210938,117.87000274658203,118.29000091552734,91.27763366699219,2355200
2018-05-15,118.0,118.72000122070312,117.4800033569336,118.31999969482422,91.3008041381836,1921700
2018-05-16,117.91999816894531,118.25,116.13999938964844,118.16000366210938,91.17733001708984,2034300
2018-05-17,118.7699966430664,122.37999725341797,118.25,121.87000274658203,94.04013061523438,3571800
2018-05-18,121.16999816894531,121.33999633789062,119.62999725341797,120.33000183105469,93.46533966064453,3423500
2018-05-21,121.0,121.5999984741211,120.33999633789062,121.44000244140625,94.32752990722656,2065000
2018-05-22,121.47000122070312,121.70999908447266,117.7699966430664,118.75,92.23809814453125,2780600
2018-05-23,117.98999786376953,119.44000244140625,117.30999755859375,118.94999694824219,92.39344024658203,2507700
2018-05-24,118.0,119.75,117.38999938964844,118.81999969482422,92.2924575805664,1630700
2018-05-25,116.95999908447266,117.30999755859375,114.4000015258789,115.5999984741211,89.79133605957031,1941700
2018-05-29,116.36000061035156,118.16000366210938,115.69999694824219,116.80999755859375,90.73121643066406,2961500
2018-05-30,118.23999786376953,119.76000213623047,117.36000061035156,119.18000030517578,92.57209014892578,3583000
2018-05-31,119.19000244140625,120.30000305175781,116.43000030517578,116.48999786376953,90.4826431274414,5907100
2018-06-01,117.38999938964844,119.16999816894531,116.75,119.0,92.43225860595703,2757000
2018-06-04,119.4000015258789,120.80000305175781,118.58999633789062,119.19999694824219,92.5876235961914,2979100
2018-06-05,119.0,119.47000122070312,117.6500015258789,118.83000183105469,92.30023193359375,2369800
2018-06-06,118.77999877929688,119.13999938964844,116.20999908447266,116.6500015258789,90.60693359375,2413000
2018-06-07,117.29000091552734,117.87000274658203,116.51000213623047,117.44000244140625,91.22055053710938,2478300
2018-06-08,117.12000274658203,117.4000015258789,116.25,116.83999633789062,90.75448608398438,2220600
2018-06-11,116.94000244140625,117.80000305175781,115.94999694824219,117.0199966430664,90.89431762695312,2225200
2018-06-12,116.69999694824219,116.95999908447266,115.30999755859375,115.55000305175781,89.75251770019531,2471100
2018-06-13,115.55000305175781,116.48999786376953,113.83999633789062,115.75,89.90786743164062,2973000
2018-06-14,116.61000061035156,117.0,115.3499984741211,115.55000305175781,89.75251770019531,2464100
2018-06-15,115.12000274658203,116.06999969482422,113.83999633789062,114.30000305175781,88.78158569335938,3483900
2018-06-18,114.25,115.79000091552734,113.94000244140625,114.94000244140625,89.27869415283203,2654200
2018-06-19,113.68000030517578,115.16000366210938,113.4000015258789,114.58000183105469,88.99908447265625,1997000
2018-06-20,115.16999816894531,115.2300033569336,113.27999877929688,114.58999633789062,89.0068359375,2317000
2018-06-21,113.9800033569336,114.5,110.97000122070312,111.44999694824219,86.56787872314453,2481200
2018-06-22,113.41000366210938,114.48999786376953,111.81999969482422,112.0199966430664,87.0105972290039,2965800
2018-06-25,111.94000244140625,112.0,109.72000122070312,110.44999694824219,85.79112243652344,1799800
2018-06-26,110.79000091552734,111.98999786376953,110.6500015258789,110.80999755859375,86.07074737548828,1878400
2018-06-27,111.37000274658203,112.47000122070312,110.45999908447266,110.70999908447266,85.9930648803711,1831700
2018-06-28,110.76000213623047,112.19999694824219,109.91000366210938,111.73999786376953,86.79310607910156,1723200
2018-06-29,112.2699966430664,113.48999786376953,112.08000183105469,112.30999755859375,87.23587036132812,1928000
2018-07-02,111.75,112.22000122070312,110.13999938964844,110.61000061035156,85.91541290283203,2516500
2018-07-03,111.91000366210938,112.19000244140625,110.08000183105469,110.51000213623047,85.83773803710938,1248900
2018-07-05,111.58000183105469,111.72000122070312,109.61000061035156,110.1500015258789,85.55809783935547,2070800
2018-07-06,109.69999694824219,111.80999755859375,109.06999969482422,111.18000030517578,86.358154296875,1561300
2018-07-09,111.55000305175781,112.9800033569336,111.37000274658203,112.58999633789062,87.45335388183594,1608800
2018-07-10,113.05000305175781,114.61000061035156,112.81999969482422,113.19000244140625,87.91941833496094,1867900
2018-07-11,112.52999877929688,112.68000030517578,110.16000366210938,110.66000366210938,85.95425415039062,1433500
2018-07-12,111.11000061035156,111.55000305175781,109.73999786376953,111.13999938964844,86.32707977294922,1249300
2018-07-13,111.0,112.33999633789062,110.8499984741211,111.80999755859375,86.84748840332031,1563300
2018-07-16,111.58999633789062,112.25,111.19999694824219,111.31999969482422,86.4668960571289,1795100
2018-07-17,111.11000061035156,111.58000183105469,110.19000244140625,111.05999755859375,86.26493835449219,2062000
2018-07-18,110.76000213623047,111.48999786376953,109.68000030517578,110.9000015258789,86.14067077636719,2561700
2018-07-19,110.95999908447266,111.48999786376953,110.44999694824219,110.9000015258789,86.14067077636719,2333100
2018-07-20,110.8499984741211,111.22000122070312,110.30999755859375,110.36000061035156,85.72122192382812,2334800
2018-07-23,111.02999877929688,111.37000274658203,110.0999984741211,110.44000244140625,85.7833480834961,1568000
2018-07-24,110.88999938964844,111.98999786376953,110.45999908447266,111.22000122070312,86.38921356201172,2163000
2018-07-25,111.55000305175781,112.58999633789062,111.12999725341797,112.3499984741211,87.2669448852539,1671100
2018-07-26,112.4800033569336,116.1500015258789,112.4800033569336,116.0,90.10205841064453,3212100
2018-07-27,117.79000091552734,120.36000061035156,116.7699966430664,118.79000091552734,92.26914978027344,3715600
2018-07-30,119.56999969482422,122.70999908447266,119.56999969482422,122.1500015258789,94.87902069091797,3985900
2018-07-31,122.5999984741211,123.87999725341797,122.41000366210938,123.33999633789062,95.8033218383789,3831100
2018-08-01,122.55000305175781,123.91999816894531,121.8499984741211,123.01000213623047,95.54700469970703,2679300
2018-08-02,122.08000183105469,122.69000244140625,120.80000305175781,122.05000305175781,94.80133056640625,2627000
2018-08-03,121.98999786376953,122.41999816894531,120.41000366210938,121.66000366210938,94.49839782714844,1692000
2018-08-06,121.72000122070312,123.02999877929688,121.02999877929688,122.54000091552734,95.18195343017578,1542600
2018-08-07,122.98999786376953,123.97000122070312,122.4000015258789,122.72000122070312,95.3217544555664,2058100
2018-08-08,122.44000244140625,123.08999633789062,121.91000366210938,122.9800033569336,95.5237045288086,1411600
2018-08-09,123.08999633789062,123.4800033569336,121.88999938964844,122.18000030517578,94.90229797363281,1897600
2018-08-10,121.7300033569336,122.75,121.70999908447266,122.58999633789062,95.22078704833984,1847400
2018-08-13,122.8499984741211,123.44999694824219,121.5,121.56999969482422,94.4284896850586,1989100
2018-08-14,121.93000030517578,122.0,120.12999725341797,120.94000244140625,93.93917083740234,2703100
2018-08-15,120.08999633789062,120.08999633789062,115.2699966430664,115.37999725341797,89.62047576904297,3985400
2018-08-16,115.7699966430664,115.9800033569336,114.83999633789062,114.94000244140625,89.27869415283203,2747800
2018-08-17,115.33000183105469,115.72000122070312,114.58999633789062,115.44000244140625,89.66706848144531,1774000
2018-08-20,114.69000244140625,116.81999969482422,114.4000015258789,116.08000183105469,90.79340362548828,2461600
2018-08-21,116.58000183105469,117.80000305175781,115.77999877929688,116.51000213623047,91.12971496582031,2479700
2018-08-22,117.02999877929688,117.97000122070312,116.6500015258789,117.0199966430664,91.52861785888672,3889800
2018-08-23,116.93000030517578,118.41000366210938,116.29000091552734,118.37000274658203,92.58453369140625,2062700
2018-08-24,118.61000061035156,120.01000213623047,118.3499984741211,119.25,93.27283477783203,2959200
2018-08-27,119.73999786376953,120.37000274658203,119.41999816894531,120.02999877929688,93.8829345703125,2328800
2018-08-28,120.25,121.55000305175781,119.62999725341797,119.75,93.66390991210938,2237200
2018-08-29,120.05000305175781,121.01000213623047,119.23999786376953,120.44000244140625,94.20359802246094,1956700
2018-08-30,120.75,120.88999938964844,118.54000091552734,119.55000305175781,93.50748443603516,1847300
2018-08-31,118.91000366210938,119.41999816894531,117.11000061035156,118.51000213623047,92.69404602050781,2575200
2018-09-04,118.61000061035156,120.23999786376953,118.2699966430664,118.95999908447266,93.0460205078125,2477400
2018-09-05,118.66000366210938,118.66000366210938,117.01000213623047,117.98999786376953,92.28730010986328,2324700
2018-09-06,117.52999877929688,118.9000015258789,116.58000183105469,116.69999694824219,91.27831268310547,1943500
2018-09-07,116.1500015258789,116.20999908447266,113.41999816894531,114.30000305175781,89.4011459350586,3032400
2018-09-10,114.6500015258789,115.0,113.88999938964844,113.94999694824219,89.12737274169922,2543800
2018-09-11,112.12000274658203,113.19999694824219,111.58000183105469,112.55000305175781,88.0323486328125,3772500
2018-09-12,113.2699966430664,114.44999694824219,111.66000366210938,112.16000366210938,87.7273178100586,3762800
2018-09-13,112.44000244140625,113.38999938964844,111.52999877929688,113.0199966430664,88.39996337890625,3368500
2018-09-14,112.97000122070312,114.0999984741211,112.97000122070312,113.5999984741211,88.8536376953125,2774300
2018-09-17,113.6500015258789,114.0199966430664,112.73999786376953,112.80999755859375,88.2357177734375,2773400
2018-09-18,113.41000366210938,114.05999755859375,113.02999877929688,113.30000305175781,88.61898040771484,2521000
2018-09-19,113.12000274658203,113.12000274658203,109.20999908447266,109.36000061035156,85.53724670410156,2934800
2018-09-20,109.86000061035156,110.8499984741211,108.8499984741211,110.33000183105469,86.29595184326172,3175700
2018-09-21,109.88999938964844,111.94999694824219,109.70999908447266,111.66000366210938,87.33624267578125,5963200
2018-09-24,112.19999694824219,113.88999938964844,111.69000244140625,113.45999908447266,88.74412536621094,2757500
2018-09-25,113.98999786376953,115.9000015258789,113.80999755859375,114.87999725341797,89.85478973388672,2819800
2018-09-26,114.91999816894531,115.04000091552734,113.16999816894531,113.88999938964844,89.08045196533203,2692800
2018-09-27,114.25,114.8499984741211,112.83999633789062,112.87999725341797,88.29047393798828,1943900
2018-09-28,112.0,113.62999725341797,111.58000183105469,112.72000122070312,88.16529846191406,2540000
2018-10-01,113.25,114.93000030517578,113.25,114.4800033569336,89.54193115234375,2021600
2018-10-02,114.63999938964844,115.30000305175781,112.73999786376953,114.69000244140625,89.70616912841797,2884700
2018-10-03,115.0999984741211,118.58000183105469,114.58000183105469,118.47000122070312,92.66277313232422,3310000
2018-10-04,118.3499984741211,118.86000061035156,116.70999908447266,117.69999694824219,92.06049346923828,2576400
2018-10-05,117.9800033569336,118.77999877929688,117.13999938964844,118.37000274658203,92.58453369140625,2572200
2018-10-08,117.9000015258789,118.47000122070312,117.06999969482422,118.13999938964844,92.4046401977539,2306300
2018-10-09,118.08999633789062,119.13999938964844,117.11000061035156,117.68000030517578,92.04484558105469,2263600
2018-10-10,117.75,118.0999984741211,112.94000244140625,113.05000305175781,88.42343139648438,2576500
2018-10-11,112.5,112.5999984741211,109.16000366210938,109.45999908447266,85.615478515625,3565200
2018-10-12,110.87000274658203,111.33000183105469,107.9000015258789,109.45999908447266,85.615478515625,3078200
2018-10-15,109.44999694824219,109.51000213623047,107.19999694824219,107.20999908447266,83.85560607910156,2670600
2018-10-16,108.19000244140625,109.93000030517578,107.94999694824219,109.86000061035156,85.92832946777344,2644000
2018-10-17,109.94000244140625,110.6500015258789,108.41999816894531,108.77999877929688,85.08361053466797,2214700
2018-10-18,108.01000213623047,110.08999633789062,107.70999908447266,109.12000274658203,85.34954071044922,1841100
2018-10-19,105.62000274658203,106.86000061035156,102.08000183105469,102.7699966430664,80.38280487060547,4013500
2018-10-22,103.26000213623047,103.80000305175781,101.0999984741211,103.1500015258789,80.6800308227539,4927100
2018-10-23,101.08999633789062,101.38999938964844,97.93000030517578,99.80000305175781,78.0597915649414,3292200
2018-10-24,99.98999786376953,99.98999786376953,95.05000305175781,95.30000305175781,74.5400619506836,3379100
2018-10-25,96.76000213623047,99.66000366210938,96.55999755859375,98.48999786376953,77.03515625,4015800
2018-10-26,101.44999694824219,103.79000091552734,95.30000305175781,99.44999694824219,77.7860336303711,5267700
2018-10-29,100.20999908447266,102.02999877929688,97.29000091552734,98.5199966430664,77.05863189697266,2752000
2018-10-30,99.37999725341797,102.25,99.37000274658203,102.05999755859375,79.82744598388672,2554400
2018-10-31,103.12000274658203,104.5999984741211,102.41000366210938,102.81999969482422,80.42191314697266,2688200
2018-11-01,102.63999938964844,103.3499984741211,101.19999694824219,102.5,80.17162322998047,2147700
2018-11-02,103.05000305175781,103.56999969482422,98.52999877929688,99.01000213623047,77.4418716430664,2726700
2018-11-05,100.19999694824219,101.1500015258789,99.63999938964844,100.5199966430664,78.62294006347656,2226600
2018-11-06,100.5199966430664,100.95999908447266,99.5999984741211,100.87999725341797,78.90451049804688,2185200
2018-11-07,102.18000030517578,103.4800033569336,101.37999725341797,103.12000274658203,80.65654754638672,4212300
2018-11-08,102.73999786376953,103.06999969482422,97.88999938964844,98.66999816894531,77.17594146728516,2989400
2018-11-09,97.83999633789062,100.33999633789062,97.29000091552734,99.73999786376953,78.01286315917969,2096700
2018-11-12,100.38999938964844,100.93000030517578,97.5199966430664,97.66999816894531,76.39376831054688,1677300
2018-11-13,97.29000091552734,98.23999786376953,94.66999816894531,94.80000305175781,74.14899444580078,2990200
2018-11-14,96.4800033569336,97.55999755859375,94.3499984741211,95.5999984741211,74.77470397949219,2933400
2018-11-15,95.0,96.4000015258789,94.56999969482422,96.2300033569336,75.26747131347656,2618000
2018-11-16,96.29000091552734,97.77999877929688,95.83999633789062,96.61000061035156,76.19815826416016,3468800
2018-11-19,96.12999725341797,96.61000061035156,93.72000122070312,94.9000015258789,74.84944152832031,1987200
2018-11-20,93.45999908447266,94.44000244140625,92.08000183105469,92.54000091552734,72.98806762695312,4553500
2018-11-21,93.19000244140625,94.4800033569336,92.0199966430664,93.6500015258789,73.86355590820312,2447400
2018-11-23,91.69000244140625,91.98999786376953,88.98999786376953,89.0,70.19601440429688,2169900
2018-11-26,90.38999938964844,92.19000244140625,90.2300033569336,92.06999969482422,72.61737823486328,3324200
2018-11-27,91.69999694824219,91.93000030517578,90.70999908447266,91.26000213623047,71.97853088378906,2675900
2018-11-28,91.81999969482422,92.7300033569336,90.0,92.62999725341797,73.05905151367188,3525700
2018-11-29,93.0,93.83000183105469,92.36000061035156,92.68000030517578,73.0984878540039,2290800
2018-11-30,92.23999786376953,93.61000061035156,91.58000183105469,93.5199966430664,73.76101684570312,4393700
2018-12-03,93.83000183105469,95.94999694824219,90.51000213623047,92.08999633789062,72.63314819335938,5780700
2018-12-04,92.62999725341797,93.8499984741211,91.2300033569336,91.4000015258789,72.08892822265625,3191800
2018-12-06,89.80000305175781,92.68000030517578,89.06999969482422,92.5999984741211,73.035400390625,4165300
2018-12-07,93.38999938964844,95.01000213623047,89.87999725341797,90.3499984741211,71.2607650756836,3880700
2018-12-10,89.5,90.47000122070312,86.62000274658203,88.83999633789062,70.06981658935547,2610800
2018-12-11,89.68000030517578,90.62000274658203,87.41999816894531,88.41999816894531,69.73854064941406,2535900
2018-12-12,89.83999633789062,90.87999725341797,88.97000122070312,89.25,70.39317321777344,2570700
2018-12-13,89.20999908447266,89.86000061035156,87.62000274658203,88.83000183105469,70.0619125366211,3040700
2018-12-14,88.31999969482422,90.08000183105469,86.47000122070312,86.83000183105469,68.48448944091797,2867100
2018-12-17,86.81999969482422,87.0,84.87000274658203,85.86000061035156,67.71941375732422,4396800
2018-12-18,86.30999755859375,87.20999908447266,84.29000091552734,84.7300033569336,66.82816314697266,2708700
2018-12-19,85.2699966430664,88.19999694824219,84.16000366210938,85.16000366210938,67.16732025146484,3893400
2018-12-20,84.37999725341797,86.44000244140625,82.33999633789062,82.77999877929688,65.29016876220703,4929700
2018-12-21,82.45999908447266,84.0,81.63999938964844,82.37999725341797,64.97469329833984,5015200
2018-12-24,81.58999633789062,81.75,78.44000244140625,78.5,61.914451599121094,2322100
2018-12-26,79.01000213623047,84.25,78.93000030517578,84.19999694824219,66.4101333618164,3493300
2018-12-27,82.94999694824219,85.87000274658203,82.69999694824219,85.81999969482422,67.6878890991211,2737800
2018-12-28,86.25,86.87999725341797,84.47000122070312,84.95999908447266,67.00959014892578,2248900
2018-12-31,85.43000030517578,86.26000213623047,84.61000061035156,86.1500015258789,67.94815826416016,2580600
2019-01-02,85.31999969482422,88.44000244140625,85.0,88.12000274658203,69.5019302368164,3147800
2019-01-03,88.18000030517578,88.45999908447266,85.0999984741211,86.9000015258789,68.53968811035156,3182000
2019-01-04,88.44999694824219,91.1500015258789,87.94999694824219,90.83999633789062,71.6472396850586,3307200
2019-01-07,90.61000061035156,92.45999908447266,89.55999755859375,91.47000122070312,72.14414978027344,3474000
2019-01-08,92.29000091552734,92.56999969482422,90.16999816894531,91.38999938964844,72.08104705810547,2357300
2019-01-09,92.30000305175781,92.58999633789062,90.31999969482422,91.98999786376953,72.55426788330078,2588600
2019-01-10,91.75,92.98999786376953,90.37000274658203,92.94000244140625,73.30355072021484,2323700
2019-01-11,92.25,93.69000244140625,91.87000274658203,92.69000244140625,73.10637664794922,2102600
2019-01-14,91.79000091552734,93.1500015258789,91.31999969482422,92.83000183105469,73.21678924560547,2178600
2019-01-15,93.45999908447266,93.7300033569336,91.94000244140625,92.44999694824219,72.91706848144531,1953500
2019-01-16,92.12000274658203,93.37000274658203,91.86000061035156,92.98999786376953,73.34298706054688,2316100
2019-01-17,92.54000091552734,94.12999725341797,92.30999755859375,93.41999816894531,73.68212127685547,3069200
2019-01-18,94.31999969482422,95.76000213623047,92.9000015258789,95.30000305175781,75.16493225097656,4014900
2019-01-22,94.61000061035156,95.4000015258789,92.81999969482422,93.0,73.35088348388672,4733500
2019-01-23,93.29000091552734,93.79000091552734,92.20999908447266,92.62999725341797,73.05905151367188,2542400
2019-01-24,92.5,93.02999877929688,91.33000183105469,91.33000183105469,72.0337142944336,3194000
2019-01-25,92.25,93.62000274658203,91.61000061035156,93.0199966430664,73.36663818359375,2044800
2019-01-28,92.0,93.05000305175781,91.91000366210938,92.5,72.95650482177734,2349500
2019-01-29,92.7300033569336,93.69000244140625,91.88999938964844,93.3499984741211,73.62693786621094,2056500
2019-01-30,94.04000091552734,95.25,93.6500015258789,94.52999877929688,74.55762481689453,3093300
2019-01-31,96.0999984741211,96.5999984741211,95.06999969482422,95.41000366210938,75.25167846679688,4044500
2019-02-01,95.56999969482422,95.94999694824219,93.41000366210938,94.20999908447266,74.30522155761719,2618100
2019-02-04,93.80000305175781,94.76000213623047,93.20999908447266,94.76000213623047,74.73902893066406,2758500
2019-02-05,94.76000213623047,95.54000091552734,94.4000015258789,95.16999816894531,75.06239318847656,2849300
2019-02-06,94.6500015258789,95.44000244140625,94.33999633789062,94.41999816894531,74.47085571289062,3127800
2019-02-07,94.41000366210938,95.20999908447266,91.36000061035156,91.73999786376953,72.35710144042969,5291500
2019-02-08,94.91999816894531,95.16999816894531,91.72000122070312,93.5199966430664,73.76101684570312,4248400
2019-02-11,92.98999786376953,95.3499984741211,92.87000274658203,94.2300033569336,74.32100677490234,4229500
2019-02-12,95.25,95.48999786376953,93.91000366210938,94.0,74.13960266113281,2486000
2019-02-13,94.2699966430664,96.33000183105469,94.08999633789062,96.12000274658203,75.81169128417969,2627100
2019-02-14,95.56999969482422,96.2300033569336,95.08999633789062,95.6500015258789,75.44097900390625,2701500
2019-02-15,96.0,96.75,95.20999908447266,95.98999786376953,76.34770965576172,2647300
2019-02-19,95.44000244140625,96.95999908447266,95.38999938964844,96.75,76.95219421386719,2108000
2019-02-20,96.75,98.12999725341797,96.06999969482422,97.44999694824219,77.50894927978516,3586900
2019-02-21,97.27999877929688,98.2699966430664,96.4000015258789,96.80999755859375,76.99992370605469,2054000
2019-02-22,97.77999877929688,98.0999984741211,97.0,97.36000061035156,77.43736267089844,2102500
2019-02-25,97.1500015258789,97.69999694824219,97.01000213623047,97.29000091552734,77.3816909790039,1661000
2019-02-26,97.33000183105469,98.29000091552734,97.18000030517578,97.83999633789062,77.81913757324219,2274400
2019-02-27,98.0999984741211,98.83999633789062,97.33000183105469,97.63999938964844,77.66007232666016,1881900
2019-02-28,97.93000030517578,98.05999755859375,95.94000244140625,96.36000061035156,76.64201354980469,2351200
2019-03-01,96.81999969482422,97.86000061035156,96.45999908447266,97.4800033569336,77.5328140258789,2879000
2019-03-04,98.41000366210938,98.41000366210938,95.6500015258789,97.27999877929688,77.37373352050781,2386200
2019-03-05,97.47000122070312,97.88999938964844,96.81999969482422,97.45999908447266,77.51690673828125,2511900
2019-03-06,97.45999908447266,98.76000213623047,97.04000091552734,97.5999984741211,77.62826538085938,2644600
2019-03-07,97.58000183105469,97.70999908447266,95.88999938964844,96.44999694824219,76.71357727050781,3638000
2019-03-08,95.26000213623047,95.44999694824219,93.83999633789062,94.30999755859375,75.01148223876953,3334100
2019-03-11,95.13999938964844,96.80000305175781,94.81999969482422,96.66999816894531,76.88855743408203,2257400
2019-03-12,97.04000091552734,98.23999786376953,96.75,97.38999938964844,77.46121978759766,2362600
2019-03-13,98.05000305175781,98.3499984741211,97.37999725341797,98.08000183105469,78.01002502441406,2294500
2019-03-14,98.25,98.66999816894531,97.6500015258789,98.47000122070312,78.32022857666016,1663000
2019-03-15,98.0,99.80000305175781,97.9000015258789,98.5199966430664,78.35997772216797,3785800
2019-03-18,98.5999984741211,99.2699966430664,97.75,98.72000122070312,78.51907348632812,2530800
2019-03-19,99.29000091552734,100.41000366210938,98.55999755859375,98.88999938964844,78.65428161621094,2932600
2019-03-20,98.63999938964844,99.30999755859375,97.8499984741211,98.18000030517578,78.08956146240234,3292600
2019-03-21,98.04000091552734,99.13999938964844,97.87000274658203,98.55000305175781,78.38386535644531,2124000
2019-03-22,97.72000122070312,97.9800033569336,95.4800033569336,95.9800033569336,76.33975219726562,1856900
2019-03-25,95.76000213623047,95.97000122070312,94.93000030517578,95.86000061035156,76.24430847167969,1357500
2019-03-26,96.66000366210938,98.30999755859375,96.66000366210938,98.0199966430664,77.96231842041016,2284700
2019-03-27,97.75,98.29000091552734,96.97000122070312,97.2699966430664,77.36576843261719,1657400
2019-03-28,96.80999755859375,97.2699966430664,95.16000366210938,95.66999816894531,76.09320068359375,2524800
2019-03-29,96.61000061035156,96.91000366210938,94.4800033569336,95.16999816894531,75.69549560546875,2900400
2019-04-01,96.01000213623047,96.29000091552734,94.66000366210938,95.06999969482422,75.615966796875,2635300
2019-04-02,95.33999633789062,95.77999877929688,93.87000274658203,94.5199966430664,75.17849731445312,2594800
2019-04-03,94.95999908447266,96.37000274658203,94.83000183105469,95.04000091552734,75.59210205078125,2096100
2019-04-04,95.55999755859375,96.87000274658203,94.56999969482422,96.86000061035156,77.0396957397461,2146800
2019-04-05,96.83999633789062,98.12000274658203,96.33000183105469,97.79000091552734,77.7793960571289,2705200
2019-04-08,97.87999725341797,98.86000061035156,97.20999908447266,98.30000305175781,78.18502044677734,2332400
2019-04-09,97.63999938964844,98.23999786376953,96.95999908447266,97.37000274658203,77.44532012939453,2352800
2019-04-10,97.9000015258789,99.33999633789062,97.63999938964844,98.61000061035156,78.43158721923828,1792100
2019-04-11,98.7699966430664,99.66000366210938,98.16000366210938,98.51000213623047,78.35205078125,1486200
2019-04-12,99.55999755859375,99.7300033569336,96.95999908447266,97.16999816894531,77.2862548828125,2223700
2019-04-15,96.83999633789062,97.16000366210938,96.04000091552734,96.23999786376953,76.54656219482422,1934400
2019-04-16,96.1500015258789,96.36000061035156,94.62000274658203,95.9800033569336,76.33975219726562,1829600
2019-04-17,96.66000366210938,97.20999908447266,95.94000244140625,96.45999908447266,76.7215347290039,1591600
2019-04-18,96.45999908447266,96.75,94.8499984741211,95.41999816894531,75.89434814453125,2400100
2019-04-22,96.19000244140625,97.37999725341797,95.83000183105469,97.13999938964844,77.26241302490234,1927300
2019-04-23,97.37999725341797,97.91999816894531,96.58999633789062,97.4000015258789,77.46917724609375,2461000
2019-04-24,97.36000061035156,97.36000061035156,94.04000091552734,94.27999877929688,74.98763275146484,2974100
2019-04-25,94.1500015258789,96.04000091552734,93.52999877929688,95.22000122070312,75.73527526855469,2745400
2019-04-26,94.8499984741211,95.52999877929688,94.0,94.91999816894531,75.49666595458984,2091500
2019-04-29,95.25,95.91999816894531,94.87999725341797,95.36000061035156,75.84662628173828,2651200
2019-04-30,95.5,96.63999938964844,93.6500015258789,94.2699966430664,74.97966003417969,3303300
2019-05-01,94.25,94.88999938964844,91.77999877929688,91.83999633789062,73.04692840576172,3350700
2019-05-02,91.75,91.95999908447266,88.87000274658203,89.0999984741211,70.86760711669922,3708800
2019-05-03,89.88999938964844,90.56999969482422,89.52999877929688,89.55999755859375,71.23345947265625,2811100
2019-05-06,88.31999969482422,88.69999694824219,86.9800033569336,87.02999877929688,69.22117614746094,3427500
2019-05-07,86.4000015258789,86.66000366210938,84.8499984741211,86.55000305175781,68.83940887451172,3421700
2019-05-08,86.66999816894531,87.0,85.4800033569336,85.9000015258789,68.32241821289062,3095300
2019-05-09,85.45999908447266,86.05999755859375,83.72000122070312,85.75,68.20309448242188,3393700
2019-05-10,85.76000213623047,87.12000274658203,84.55000305175781,86.6500015258789,68.9189453125,3094900
2019-05-13,85.5999984741211,86.61000061035156,84.7300033569336,85.79000091552734,68.23493194580078,3065600
2019-05-14,86.13999938964844,87.4000015258789,86.05000305175781,86.91999816894531,69.13368225097656,2450300
2019-05-15,86.70999908447266,87.6500015258789,86.1500015258789,87.30000305175781,69.43594360351562,2059900
2019-05-16,87.5,88.7699966430664,87.5,88.30000305175781,70.23130798339844,2645700
2019-05-17,86.55999755859375,86.73999786376953,84.72000122070312,84.80999755859375,68.15007019042969,2562400
2019-05-20,84.62999725341797,85.66999816894531,84.30000305175781,84.5199966430664,67.91704559326172,2106500
2019-05-21,84.69999694824219,86.5999984741211,84.68000030517578,86.16000366210938,69.23489379882812,2722600
2019-05-22,85.7300033569336,86.29000091552734,85.30000305175781,85.5999984741211,68.78489685058594,2111600
2019-05-23,84.30000305175781,84.3499984741211,82.01000213623047,82.2699966430664,66.1090316772461,3020000
2019-05-24,83.01000213623047,83.72000122070312,82.23999786376953,82.94000244140625,66.64741516113281,2661600
2019-05-28,82.93000030517578,83.26000213623047,82.36000061035156,82.5199966430664,66.30990600585938,3105100
2019-05-29,81.76000213623047,82.79000091552734,81.55000305175781,82.75,66.4947280883789,2232000
2019-05-30,82.41999816894531,83.0199966430664,81.33000183105469,82.05999755859375,65.94026947021484,2449600
2019-05-31,80.73999786376953,81.7699966430664,80.23999786376953,80.80000305175781,64.92779541015625,2785000
2019-06-03,80.91999816894531,82.2699966430664,80.5999984741211,82.19999694824219,66.05279541015625,3144800
2019-06-04,83.16999816894531,84.23999786376953,83.12999725341797,84.12000274658203,67.59559631347656,2781800
2019-06-05,84.66999816894531,84.87999725341797,82.80000305175781,84.83000183105469,68.16614532470703,3097000
2019-06-06,84.7699966430664,85.94999694824219,83.91999816894531,84.9000015258789,68.22240447998047,2837200
2019-06-07,85.3499984741211,85.94000244140625,84.4800033569336,85.5199966430664,68.7206039428711,2623700
2019-06-10,85.80000305175781,86.7699966430664,85.66999816894531,85.9000015258789,69.02597045898438,3026700
2019-06-11,86.55999755859375,87.19000244140625,84.70999908447266,84.70999908447266,68.06971740722656,2736700
2019-06-12,84.33999633789062,85.41000366210938,82.94000244140625,83.25,66.89653015136719,3232800
2019-06-13,84.08999633789062,85.73999786376953,84.0199966430664,85.23999786376953,68.49561309814453,3029700
2019-06-14,85.22000122070312,85.87999725341797,84.5999984741211,85.58999633789062,68.77685546875,1830500
2019-06-17,85.48999786376953,86.48999786376953,85.48999786376953,85.91000366210938,69.03400421142578,2003400
2019-06-18,86.33999633789062,87.70999908447266,86.33999633789062,86.80000305175781,69.74916076660156,2336600
2019-06-19,86.91999816894531,87.9800033569336,86.3499984741211,87.5999984741211,70.39202117919922,2901700
2019-06-20,89.06999969482422,91.27999877929688,88.5999984741211,90.83000183105469,72.9875259399414,4082600
2019-06-21,91.4000015258789,91.91999816894531,90.0,90.58000183105469,72.78662109375,6129800
2019-06-24,90.36000061035156,91.23999786376953,89.33999633789062,89.76000213623047,72.12770080566406,2360800
2019-06-25,89.41999816894531,90.5999984741211,89.05999755859375,89.83000183105469,72.1839599609375,3343800
2019-06-26,91.0,93.51000213623047,90.52999877929688,92.76000213623047,74.53838348388672,3816200
2019-06-27,92.66000366210938,92.94999694824219,91.54000091552734,91.75,73.7267837524414,2086400
2019-06-28,92.12999725341797,93.63999938964844,92.01000213623047,93.54000091552734,75.16516876220703,4442600
2019-07-01,94.86000061035156,95.33000183105469,93.62000274658203,94.05999755859375,75.58301544189453,2668700
2019-07-02,93.72000122070312,96.1500015258789,93.05999755859375,95.72000122070312,76.91693878173828,4112200
2019-07-03,96.0,97.04000091552734,95.86000061035156,97.0199966430664,77.9615707397461,2035500
2019-07-05,96.68000030517578,97.3499984741211,95.68000030517578,96.80000305175781,77.78478240966797,1956000
2019-07-08,96.55000305175781,98.54000091552734,96.55000305175781,96.95999908447266,77.91334533691406,3044500
2019-07-09,96.98999786376953,98.33999633789062,96.58999633789062,97.72000122070312,78.52407836914062,2369900
2019-07-10,98.22000122070312,98.95999908447266,97.51000213623047,98.11000061035156,78.83744812011719,1954600
2019-07-11,98.66000366210938,99.6500015258789,97.95999908447266,99.58999633789062,80.0267333984375,2446600
2019-07-12,99.25,100.6500015258789,99.25,100.33000183105469,80.62135314941406,1842400
2019-07-15,100.3499984741211,101.1500015258789,99.38999938964844,101.01000213623047,81.16779327392578,3089500
2019-07-16,101.0,101.7699966430664,99.80999755859375,101.37999725341797,81.46508026123047,2625600
2019-07-17,101.38999938964844,102.04000091552734,100.27999877929688,100.79000091552734,80.99099731445312,2254400
2019-07-18,100.19999694824219,101.93000030517578,99.83000183105469,101.91999816894531,81.89901733398438,2468000
2019-07-19,102.33000183105469,102.87000274658203,101.80000305175781,101.95999908447266,81.93115234375,3972900
2019-07-22,102.61000061035156,103.1500015258789,101.52999877929688,102.55000305175781,82.40525817871094,1966800
2019-07-23,103.0,103.26000213623047,101.9800033569336,102.31999969482422,82.22045135498047,1873800
2019-07-24,102.04000091552734,102.81999969482422,101.36000061035156,102.41999816894531,82.30081176757812,2924400
2019-07-25,102.70999908447266,102.83999633789062,99.9800033569336,101.56999969482422,81.61776733398438,3649000
2019-07-26,102.3499984741211,102.63999938964844,100.47000122070312,102.31999969482422,82.22045135498047,2267300
2019-07-29,101.91000366210938,103.22000122070312,101.33000183105469,102.80999755859375,82.61417388916016,2275200
2019-07-30,102.36000061035156,103.6500015258789,101.58999633789062,103.61000061035156,83.25704956054688,1465900
2019-07-31,103.62999725341797,104.45999908447266,101.4800033569336,102.55999755859375,82.41329956054688,2415900
2019-08-01,101.94999694824219,103.5999984741211,101.41000366210938,101.98999786376953,81.95527648925781,2153200
2019-08-02,101.76000213623047,101.9000015258789,99.43000030517578,99.5199966430664,79.970458984375,2075600
2019-08-05,97.9000015258789,98.3499984741211,94.98999786376953,95.63999938964844,76.85265350341797,3034800
2019-08-06,96.55999755859375,97.54000091552734,96.04000091552734,97.41000366210938,78.27496337890625,2164500
2019-08-07,95.62999725341797,97.7300033569336,95.05999755859375,97.33000183105469,78.21066284179688,2349800
2019-08-08,98.30999755859375,100.73999786376953,97.87999725341797,100.70999908447266,80.92670440673828,2311900
2019-08-09,100.52999877929688,100.95999908447266,99.55999755859375,100.44000244140625,80.70977020263672,2005600
2019-08-12,100.06999969482422,100.13999938964844,97.80999755859375,98.30999755859375,78.9981689453125,1967400
2019-08-13,97.91999816894531,101.1500015258789,97.0999984741211,99.73999786376953,80.14724731445312,2267800
2019-08-14,97.61000061035156,98.69999694824219,97.12999725341797,97.52999877929688,78.37139129638672,2529800
2019-08-15,97.91999816894531,98.44999694824219,96.37999725341797,97.47000122070312,78.32316589355469,2089900
2019-08-16,98.04000091552734,99.0999984741211,97.66999816894531,98.83000183105469,79.41600799560547,2118400
2019-08-19,99.29000091552734,99.72000122070312,98.0999984741211,98.76000213623047,80.08909606933594,2747900
2019-08-20,98.80000305175781,99.69000244140625,98.05999755859375,98.68000030517578,80.02422332763672,1904500
2019-08-21,99.61000061035156,100.0,98.27999877929688,99.30000305175781,80.52700805664062,1988300
2019-08-22,99.25,99.93000030517578,98.20999908447266,98.45999908447266,79.84580993652344,1946100
2019-08-23,97.4800033569336,98.87000274658203,94.7300033569336,95.18000030517578,77.1859130859375,3305100
2019-08-26,96.02999877929688,96.4000015258789,95.0999984741211,96.30999755859375,78.10228729248047,1568100
2019-08-27,96.9800033569336,97.48999786376953,94.3499984741211,94.5199966430664,76.65066528320312,2586000
2019-08-28,94.54000091552734,96.86000061035156,94.54000091552734,96.16999816894531,77.98873138427734,2318100
2019-08-29,97.11000061035156,98.45999908447266,97.04000091552734,98.12000274658203,79.5700912475586,2372500
2019-08-30,98.66999816894531,99.75,98.12999725341797,98.62999725341797,79.98368072509766,1932500
2019-09-03,97.27999877929688,99.61000061035156,97.02999877929688,99.47000122070312,80.66487121582031,2140100
2019-09-04,100.33999633789062,100.61000061035156,99.11000061035156,99.69000244140625,80.84327697753906,1664100
2019-09-05,100.5999984741211,101.5,99.75,99.80000305175781,80.93248748779297,2668700
2019-09-06,100.12999725341797,101.37999725341797,99.41999816894531,100.91000366210938,81.83262634277344,2117500
2019-09-09,101.55000305175781,102.73999786376953,101.01000213623047,102.16999816894531,82.85442352294922,2396100
2019-09-10,102.41999816894531,103.91000366210938,102.25,102.95999908447266,83.49504852294922,2367200
2019-09-11,103.29000091552734,104.22000122070312,102.0999984741211,102.47000122070312,83.09769439697266,1924500
2019-09-12,101.44000244140625,102.61000061035156,100.69999694824219,102.19000244140625,82.87065124511719,1868500
2019-09-13,102.93000030517578,103.43000030517578,102.08999633789062,102.7699966430664,83.34100341796875,1688400
2019-09-16,102.11000061035156,105.0,102.0199966430664,104.02999877929688,84.36277770996094,4654400
2019-09-17,103.7300033569336,103.93000030517578,101.95999908447266,102.19999694824219,82.8787612915039,2464500
2019-09-18,101.6500015258789,103.1500015258789,101.1500015258789,102.98999786376953,83.5194091796875,1814700
2019-09-19,103.47000122070312,103.98999786376953,102.58999633789062,103.08000183105469,83.59237670898438,1332700
2019-09-20,103.41999816894531,104.04000091552734,102.87000274658203,103.2699966430664,83.74646759033203,9381800
2019-09-23,103.01000213623047,104.81999969482422,103.01000213623047,104.26000213623047,84.54928588867188,2413000
2019-09-24,104.19999694824219,104.38999938964844,102.33000183105469,103.62000274658203,84.03031158447266,2599700
2019-09-25,103.38999938964844,105.5199966430664,102.9000015258789,105.05999755859375,85.19806671142578,3043400
2019-09-26,104.62999725341797,105.05000305175781,103.11000061035156,104.55999755859375,84.7925796508789,1762600
2019-09-27,104.80999755859375,105.4800033569336,102.9800033569336,103.66000366210938,84.062744140625,2297000
2019-09-30,103.4000015258789,103.94999694824219,102.33999633789062,102.4000015258789,83.04093933105469,1801600
2019-10-01,103.16000366210938,103.51000213623047,100.83000183105469,101.02999877929688,81.9299545288086,1897900
2019-10-02,100.4000015258789,100.45999908447266,97.19999694824219,98.23999786376953,79.66740417480469,2066700
2019-10-03,97.76000213623047,98.88999938964844,96.94999694824219,98.87000274658203,80.17830657958984,1639800
2019-10-04,99.2699966430664,100.9800033569336,99.20999908447266,100.86000061035156,81.79207611083984,2097300
2019-10-07,101.26000213623047,102.25,100.7300033569336,101.36000061035156,82.19757843017578,2377200
2019-10-08,100.87999725341797,101.55000305175781,100.38999938964844,100.81999969482422,81.75965118408203,1904300
2019-10-09,101.95999908447266,103.56999969482422,101.76000213623047,102.70999908447266,83.29234313964844,1827300
2019-10-10,103.62000274658203,106.70999908447266,103.44999694824219,106.5999984741211,86.44691467285156,3782100
2019-10-11,107.0,108.19999694824219,106.41999816894531,106.52999877929688,86.39014434814453,2388900
2019-10-14,106.0,107.19000244140625,105.77999877929688,106.6500015258789,86.48747253417969,1409000
2019-10-15,106.5,108.12000274658203,106.16000366210938,107.30000305175781,87.01458740234375,1606400
2019-10-16,106.79000091552734,107.7699966430664,105.94000244140625,106.26000213623047,86.17118835449219,1865400
2019-10-17,107.0,107.26000213623047,106.38999938964844,107.20999908447266,86.94158935546875,1767600
2019-10-18,107.0,107.9800033569336,106.70999908447266,107.19999694824219,86.93348693847656,3015900
2019-10-21,108.0,108.56999969482422,107.56999969482422,108.19999694824219,87.74443054199219,1638800
2019-10-22,108.69000244140625,109.83000183105469,108.06999969482422,108.7699966430664,88.2066650390625,1571400
2019-10-23,108.7699966430664,109.19999694824219,108.33000183105469,109.0,88.3931884765625,2329600
2019-10-24,109.51000213623047,110.97000122070312,109.18000030517578,110.62999725341797,89.71502685546875,3471800
2019-10-25,112.2300033569336,117.0,111.9000015258789,114.41999816894531,92.78850555419922,6245900
2019-10-28,115.0,118.91999816894531,115.0,117.25,95.08349609375,4706800
2019-10-29,116.48999786376953,119.77999877929688,116.3499984741211,118.95999908447266,96.47023010253906,3838400
2019-10-30,119.22000122070312,119.22000122070312,116.16000366210938,116.44999694824219,94.43473052978516,2286700
2019-10-31,116.6500015258789,117.23999786376953,114.9000015258789,116.81999969482422,94.73480224609375,3940600
2019-11-01,117.62999725341797,118.58999633789062,117.4000015258789,118.4000015258789,96.01609802246094,2248800
2019-11-04,119.47000122070312,119.55999755859375,117.61000061035156,118.54000091552734,96.1296157836914,2031600
2019-11-05,119.0,119.88999938964844,117.83999633789062,118.91999816894531,96.43778228759766,2268900
2019-11-06,119.18000030517578,119.38999938964844,117.76000213623047,118.41999816894531,96.03231048583984,2130300
2019-11-07,119.1500015258789,119.79000091552734,118.4000015258789,119.56999969482422,96.96491241455078,2386400
2019-11-08,118.88999938964844,119.91999816894531,118.0999984741211,119.69999694824219,97.07032012939453,1577600
2019-11-11,118.6500015258789,119.81999969482422,118.3499984741211,118.41000366210938,96.0241928100586,1634300
2019-11-12,118.86000061035156,119.56999969482422,117.55999755859375,118.0999984741211,95.77279663085938,2178400
2019-11-13,117.3499984741211,118.91999816894531,117.12000274658203,118.43000030517578,96.0404281616211,1542200
2019-11-14,118.6500015258789,119.58000183105469,118.37999725341797,119.44000244140625,96.85945892333984,1507500
2019-11-15,119.20999908447266,119.20999908447266,117.81999969482422,118.36000061035156,96.71238708496094,1636700
2019-11-18,118.1500015258789,118.66999816894531,117.52999877929688,118.6500015258789,96.94935607910156,1365000
2019-11-19,117.86000061035156,118.95999908447266,117.02999877929688,117.41999816894531,95.94430541992188,2781500
2019-11-20,117.2699966430664,117.2699966430664,114.44000244140625,116.05999755859375,94.83304595947266,4337000
2019-11-21,116.36000061035156,118.68000030517578,115.9000015258789,118.37000274658203,96.7205810546875,2401300
2019-11-22,118.87999725341797,118.91999816894531,116.19999694824219,116.62999725341797,95.2988052368164,2261000
2019-11-25,117.0,117.0,115.16999816894531,115.41999816894531,94.31009674072266,2758900
2019-11-26,115.52999877929688,115.76000213623047,114.05000305175781,114.33000183105469,93.41947174072266,4118100
2019-11-27,114.93000030517578,115.31999969482422,114.04000091552734,114.69000244140625,93.7136459350586,2290500
2019-11-29,114.41999816894531,115.13999938964844,114.16999816894531,114.72000122070312,93.7381362915039,1105700
2019-12-02,114.87000274658203,116.05999755859375,114.05999755859375,114.33000183105469,93.41947174072266,2418300
2019-12-03,113.68000030517578,113.68000030517578,112.41999816894531,112.75,92.1284408569336,4128900
2019-12-04,113.54000091552734,114.0,112.43000030517578,112.56999969482422,91.98137664794922,2128900
2019-12-05,112.77999877929688,113.20999908447266,112.16999816894531,112.54000091552734,91.95685577392578,1688600
2019-12-06,113.05999755859375,114.31999969482422,112.94999694824219,113.55999755859375,92.79029083251953,2142600
2019-12-09,113.19999694824219,113.27999877929688,111.8499984741211,111.95999908447266,91.48294067382812,1585300
2019-12-10,112.30000305175781,112.56999969482422,111.69000244140625,111.93000030517578,91.45841979980469,2215800
2019-12-11,111.94000244140625,112.6500015258789,111.4800033569336,112.20999908447266,91.68720245361328,1652500
2019-12-12,112.12999725341797,113.97000122070312,111.91999816894531,113.7300033569336,92.9292221069336,1618800
2019-12-13,113.87999725341797,114.66000366210938,112.69999694824219,112.98999786376953,92.32455444335938,1621900
2019-12-16,113.13999938964844,114.62999725341797,112.79000091552734,114.13999938964844,93.26422882080078,2097700
2019-12-17,114.16000366210938,114.94999694824219,112.70999908447266,113.02999877929688,92.35723876953125,2672000
2019-12-18,113.29000091552734,113.94000244140625,112.58999633789062,113.04000091552734,92.36540985107422,3074800
2019-12-19,113.41000366210938,113.62000274658203,112.48999786376953,112.80999755859375,92.1774673461914,1850500
2019-12-20,113.79000091552734,114.1500015258789,112.8499984741211,113.3499984741211,92.61871337890625,4666900
2019-12-23,113.4000015258789,113.66999816894531,112.20999908447266,112.66999816894531,92.06307983398438,1937500
2019-12-24,112.6500015258789,113.23999786376953,112.58999633789062,113.19999694824219,92.49613952636719,1190800
2019-12-26,112.56999969482422,113.19999694824219,111.8499984741211,112.05999755859375,91.56465148925781,1147700
2019-12-27,112.41000366210938,112.41000366210938,110.52999877929688,110.5999984741211,90.37166595458984,1427500
2019-12-30,110.5,111.25,110.12999725341797,110.37000274658203,90.18372344970703,1712000
2019-12-31,110.22000122070312,111.41000366210938,110.04000091552734,111.41000366210938,91.03353881835938,1695900
2020-01-02,112.08000183105469,113.18000030517578,111.37999725341797,112.19999694824219,91.67904663085938,1607900
2020-01-03,111.25,112.41999816894531,108.19000244140625,108.48999786376953,88.64757537841797,2236900
2020-01-06,108.23999786376953,108.44000244140625,107.20999908447266,107.80999755859375,88.09193420410156,3917100
2020-01-07,107.12999725341797,108.22000122070312,106.73999786376953,108.13999938964844,88.36160278320312,2687900
2020-01-08,108.31999969482422,108.44000244140625,103.80999755859375,104.0999984741211,85.06048583984375,3452600
2020-01-09,103.37999725341797,105.66999816894531,102.22000122070312,105.62000274658203,86.3025131225586,3127700
2020-01-10,105.63999938964844,106.75,104.80999755859375,104.87000274658203,85.68965911865234,1910700
2020-01-13,104.91999816894531,106.0199966430664,104.54000091552734,105.30000305175781,86.041015625,2243100
2020-01-14,105.2699966430664,106.66000366210938,104.98999786376953,106.37999725341797,86.92350006103516,2753400
2020-01-15,105.56999969482422,105.70999908447266,104.12000274658203,104.88999938964844,85.70601654052734,2386300
2020-01-16,105.55999755859375,105.66999816894531,103.6500015258789,103.79000091552734,84.80719757080078,2568200
2020-01-17,103.79000091552734,103.94999694824219,102.5199966430664,103.30999755859375,84.41500854492188,2782000
2020-01-21,102.5,102.98999786376953,101.91000366210938,102.33999633789062,83.62239074707031,2102000
2020-01-22,102.80000305175781,102.98999786376953,101.56999969482422,101.86000061035156,83.23018646240234,2505400
2020-01-23,101.48999786376953,102.12999725341797,100.0,102.08000183105469,83.40995788574219,3520300
2020-01-24,101.9000015258789,101.98999786376953,99.37000274658203,100.31999969482422,81.97183990478516,2120500
2020-01-27,98.2699966430664,98.3499984741211,96.62000274658203,96.91999816894531,79.19368743896484,2472800
2020-01-28,97.44999694824219,97.9000015258789,96.61000061035156,96.69000244140625,79.00576782226562,2926900
2020-01-29,97.18000030517578,98.91000366210938,95.55000305175781,95.80000305175781,78.27853393554688,2395600
2020-01-30,95.2300033569336,96.55000305175781,94.5,96.41000366210938,78.7769775390625,2610400
2020-01-31,94.9000015258789,94.93000030517578,90.20999908447266,91.37000274658203,74.65877532958984,6451000
2020-02-03,91.29000091552734,91.37999725341797,88.44000244140625,88.97000122070312,72.69772338867188,4306800
2020-02-04,90.56999969482422,90.86000061035156,88.27999877929688,88.72000122070312,72.49343872070312,3427900
2020-02-05,90.37000274658203,93.29000091552734,90.30999755859375,92.63999938964844,75.69648742675781,3100700
2020-02-06,92.98999786376953,93.06999969482422,90.05000305175781,90.22000122070312,73.7190933227539,2606100
2020-02-07,89.97000122070312,90.48999786376953,89.26000213623047,90.33000183105469,73.80896759033203,2481500
2020-02-10,89.86000061035156,91.04000091552734,89.62000274658203,90.26000213623047,73.75177764892578,2171400
2020-02-11,90.94000244140625,90.9800033569336,89.55000305175781,90.2699966430664,73.75997161865234,2682900
2020-02-12,91.58999633789062,92.30000305175781,90.44999694824219,91.13999938964844,74.47081756591797,2361400
2020-02-13,91.0,91.47000122070312,90.16999816894531,90.33999633789062,73.81714630126953,2727700
2020-02-14,89.5199966430664,90.2300033569336,88.61000061035156,89.47000122070312,73.84192657470703,2254900
2020-02-18,88.70999908447266,89.0999984741211,87.06999969482422,88.0,72.62867736816406,4542600
2020-02-19,88.5,88.7300033569336,86.72000122070312,88.36000061035156,72.92578887939453,2441800
2020-02-20,88.51000213623047,90.29000091552734,88.41000366210938,90.19000244140625,74.43614196777344,2905900
2020-02-21,89.5199966430664,90.16000366210938,88.69000244140625,89.25,73.66033935546875,2406900
2020-02-24,86.62000274658203,87.87999725341797,85.93000030517578,86.55999755859375,71.44019317626953,3732700
2020-02-25,86.83000183105469,87.30000305175781,82.2699966430664,82.80999755859375,68.34525299072266,4211800
2020-02-26,83.0999984741211,83.73999786376953,80.27999877929688,80.33000183105469,66.29843139648438,4156400
2020-02-27,78.69999694824219,78.73999786376953,74.23999786376953,74.26000213623047,61.28871536254883,6900500
2020-02-28,71.69999694824219,75.37000274658203,71.38999938964844,74.86000061035156,61.783912658691406,7137800
2020-03-02,75.2699966430664,75.44999694824219,72.22000122070312,75.11000061035156,61.990230560302734,5279400
2020-03-03,75.45999908447266,77.58000183105469,72.0999984741211,72.86000061035156,60.13325500488281,5710300
2020-03-04,74.0199966430664,74.7699966430664,72.41999816894531,74.62999725341797,61.59406661987305,4201800
2020-03-05,72.1500015258789,73.81999969482422,71.52999877929688,71.9800033569336,59.40696716308594,5724800
2020-03-06,70.0,71.16000366210938,68.0199966430664,69.30000305175781,57.19508743286133,6374400
2020-03-09,62.650001525878906,69.0999984741211,60.20000076293945,62.09000015258789,51.2444953918457,7993800
2020-03-10,65.94999694824219,66.87000274658203,60.290000915527344,63.36000061035156,52.29264831542969,7047200
2020-03-11,61.040000915527344,61.66999816894531,54.119998931884766,55.150001525878906,45.516727447509766,8448500
2020-03-12,51.02000045776367,51.209999084472656,44.810001373291016,46.400001525878906,38.295127868652344,11492100
2020-03-13,50.709999084472656,54.40999984741211,46.650001525878906,54.36000061035156,44.86472702026367,6997200
2020-03-16,46.77000045776367,57.59000015258789,45.31999969482422,48.27000045776367,39.83848190307617,7192800
2020-03-17,49.08000183105469,50.72999954223633,45.959999084472656,46.66999816894531,38.51796340942383,6274500
2020-03-18,44.84000015258789,46.93000030517578,40.040000915527344,42.970001220703125,35.46424865722656,6970800
2020-03-19,43.25,46.63999938964844,41.810001373291016,45.68000030517578,37.70088577270508,4936100
2020-03-20,47.189998626708984,50.959999084472656,45.36000061035156,48.349998474121094,39.90450668334961,7605100
2020-03-23,47.689998626708984,48.0,41.40999984741211,42.09000015258789,34.73796844482422,6075800
2020-03-24,45.75,46.31999969482422,42.400001525878906,45.58000183105469,37.61834716796875,5476000
2020-03-25,46.189998626708984,52.900001525878906,43.65999984741211,50.5,41.678958892822266,6516900
2020-03-26,51.400001525878906,56.7400016784668,51.060001373291016,54.38999938964844,44.88948059082031,6014400
2020-03-27,52.08000183105469,54.34000015258789,50.04999923706055,52.31999969482422,43.181053161621094,4191500
2020-03-30,50.66999816894531,54.93000030517578,48.689998626708984,54.15999984741211,44.699649810791016,5207900
2020-03-31,55.709999084472656,56.5,52.04999923706055,53.650001525878906,44.27873992919922,4743800
2020-04-01,51.470001220703125,51.849998474121094,49.040000915527344,49.5099983215332,40.86188507080078,4142800
2020-04-02,51.5,56.099998474121094,50.060001373291016,51.720001220703125,42.685855865478516,5169000
2020-04-03,53.0,53.349998474121094,50.34000015258789,51.619998931884766,42.60332489013672,3587300
2020-04-06,54.09000015258789,57.93000030517578,53.439998626708984,57.41999816894531,47.39021301269531,5347800
2020-04-07,60.16999816894531,61.560001373291016,58.0099983215332,58.630001068115234,48.38886260986328,5281100
2020-04-08,59.619998931884766,64.19999694824219,59.38999938964844,63.70000076293945,52.573272705078125,3754800
2020-04-09,67.11000061035156,67.44000244140625,59.400001525878906,61.52000045776367,50.774051666259766,5316800
2020-04-13,63.099998474121094,63.79999923706055,60.97999954223633,61.560001373291016,50.80706024169922,3438100
2020-04-14,61.810001373291016,62.40999984741211,60.08000183105469,61.06999969482422,50.402652740478516,3496900
2020-04-15,58.310001373291016,58.400001525878906,55.060001373291016,56.470001220703125,46.60615158081055,4093100
2020-04-16,55.970001220703125,56.38999938964844,53.15999984741211,53.529998779296875,44.179691314697266,4363300
2020-04-17,54.95000076293945,59.689998626708984,54.63999938964844,59.529998779296875,49.131656646728516,5601700
2020-04-20,57.0,60.279998779296875,56.5099983215332,58.119998931884766,47.96794128417969,3468500
2020-04-21,55.5099983215332,58.0,54.40999984741211,56.79999923706055,46.878501892089844,3287100
2020-04-22,59.66999816894531,59.869998931884766,57.349998474121094,58.18000030517578,48.017459869384766,3071800
2020-04-23,60.06999969482422,60.63999938964844,58.36000061035156,59.970001220703125,49.49479675292969,3419800
2020-04-24,61.0,61.619998931884766,59.529998779296875,60.529998779296875,49.95697021484375,3399900
2020-04-27,60.650001525878906,64.12999725341797,60.16999816894531,63.4900016784668,52.39994430541992,3234300
2020-04-28,65.1500015258789,67.66999816894531,64.2300033569336,67.33999633789062,55.57743835449219,3851900
2020-04-29,70.0,73.80000305175781,69.5,73.5,60.66146469116211,5191400
2020-04-30,73.51000213623047,75.62999725341797,72.01000213623047,73.16999816894531,60.38909912109375,5993400
2020-05-01,70.55000305175781,71.37000274658203,65.26000213623047,66.36000061035156,54.76863479614258,6626600
2020-05-04,66.01000213623047,74.41000366210938,65.69999694824219,73.4800033569336,60.64495086669922,7575800
2020-05-05,75.5,76.7699966430664,73.91000366210938,75.19999694824219,62.06450271606445,6934400
2020-05-06,75.81999969482422,76.29000091552734,71.81999969482422,71.91000366210938,59.34919357299805,5972000
2020-05-07,73.79000091552734,75.62999725341797,72.52999877929688,73.30999755859375,60.504638671875,3586900
2020-05-08,74.62999725341797,77.44000244140625,73.77999877929688,77.05999755859375,63.599609375,3275800
2020-05-11,76.16000366210938,77.73999786376953,75.8499984741211,76.66999816894531,63.27772521972656,3441800
2020-05-12,77.12000274658203,77.37000274658203,73.48999786376953,73.52999877929688,60.68621063232422,3117400
2020-05-13,73.0,73.36000061035156,70.5199966430664,71.02999877929688,58.622901916503906,3687400
2020-05-14,69.5999984741211,72.79000091552734,67.87000274658203,71.75,59.21714401245117,3159700
2020-05-15,70.47000122070312,71.9000015258789,69.12999725341797,70.93000030517578,59.28399658203125,2830600
2020-05-18,75.0,77.73999786376953,74.73999786376953,76.27999877929688,63.755584716796875,4530900
2020-05-19,76.0,76.80999755859375,74.11000061035156,75.22000122070312,62.86962890625,3736700
2020-05-20,76.80999755859375,79.11000061035156,76.6500015258789,78.25,65.4021224975586,3501500
2020-05-21,78.6500015258789,79.0999984741211,76.81999969482422,77.08999633789062,64.43257904052734,2299500
2020-05-22,76.33999633789062,76.83999633789062,75.1500015258789,76.45999908447266,63.9060173034668,2036100
2020-05-26,79.16000366210938,79.91999816894531,78.45999908447266,78.97000122070312,66.00391387939453,2747400
2020-05-27,80.0,81.91999816894531,79.11000061035156,81.7300033569336,68.31074523925781,3328100
2020-05-28,81.91999816894531,82.02999877929688,78.19999694824219,78.55999755859375,65.6612319946289,4129200
2020-05-29,78.33000183105469,79.30000305175781,77.08000183105469,78.26000213623047,65.4104995727539,4305200
2020-06-01,78.02999877929688,78.97000122070312,76.30999755859375,78.83000183105469,65.88689422607422,2470200
2020-06-02,79.63999938964844,81.7300033569336,79.08000183105469,81.56999969482422,68.17701721191406,3151900
2020-06-03,82.8499984741211,84.36000061035156,82.63999938964844,83.7300033569336,69.98236083984375,2562400
2020-06-04,82.55999755859375,83.63999938964844,81.68000030517578,83.12999725341797,69.48088073730469,2586300
2020-06-05,86.7699966430664,88.45999908447266,86.1500015258789,87.4000015258789,73.04979705810547,3767300
2020-06-08,88.55999755859375,89.79000091552734,87.38999938964844,89.7300033569336,74.99722290039062,3355700
2020-06-09,86.55999755859375,86.91000366210938,85.12999725341797,85.66999816894531,71.60382843017578,3809900
2020-06-10,85.05000305175781,87.0199966430664,83.41000366210938,84.33000183105469,70.48384857177734,3201700
2020-06-11,78.01000213623047,79.8499984741211,74.95999908447266,75.0,62.68574905395508,4387200
2020-06-12,77.7300033569336,79.66000366210938,75.31999969482422,77.26000213623047,64.57467651367188,3025700
2020-06-15,73.43000030517578,76.58999633789062,72.5999984741211,75.5999984741211,63.187232971191406,4308900
2020-06-16,78.9000015258789,78.94999694824219,75.18000030517578,77.04000091552734,64.39079284667969,3419100
2020-06-17,77.04000091552734,77.2699966430664,72.83999633789062,72.87999725341797,60.91382598876953,3665500
2020-06-18,72.51000213623047,76.66999816894531,72.0999984741211,76.23999786376953,63.72215270996094,3760200
2020-06-19,78.0,78.41000366210938,74.61000061035156,74.69999694824219,62.43500900268555,7484400
2020-06-22,74.0999984741211,74.83999633789062,72.9000015258789,74.4000015258789,62.184261322021484,2455400
2020-06-23,74.75,75.45999908447266,74.16999816894531,74.69999694824219,62.43500900268555,2749700
2020-06-24,73.5,73.72000122070312,69.31999969482422,69.98999786376953,58.49833297729492,3560200
2020-06-25,69.41999816894531,71.45999908447266,68.88999938964844,70.06999969482422,58.56520462036133,2655200
2020-06-26,69.7300033569336,69.75,67.95999908447266,68.06999969482422,56.89358901977539,3797700
2020-06-29,68.83999633789062,69.76000213623047,67.81999969482422,68.66000366210938,57.386714935302734,2364900
2020-06-30,68.0199966430664,72.3499984741211,67.26000213623047,71.9000015258789,60.09473419189453,3502500
2020-07-01,71.7699966430664,73.3499984741211,68.83000183105469,69.11000061035156,57.76282501220703,2251700
2020-07-02,70.2699966430664,70.9800033569336,68.27999877929688,68.41999816894531,57.18611145019531,2624100
2020-07-06,69.61000061035156,69.94999694824219,66.27999877929688,68.08999633789062,56.910301208496094,3592400
2020-07-07,67.19000244140625,67.25,64.4800033569336,64.61000061035156,54.00168228149414,3120400
2020-07-08,64.68000030517578,65.55999755859375,63.63999938964844,63.97999954223633,53.47512435913086,3798000
2020-07-09,64.0,64.33000183105469,58.91999816894531,58.97999954223633,49.29607009887695,6096200
2020-07-10,58.72999954223633,61.119998931884766,58.720001220703125,61.060001373291016,51.03455352783203,4247900
2020-07-13,61.34000015258789,61.77000045776367,59.5,60.27000045776367,50.374271392822266,3481400
2020-07-14,59.630001068115234,62.209999084472656,59.400001525878906,61.959999084472656,51.786781311035156,3423300
2020-07-15,63.970001220703125,65.72000122070312,62.70000076293945,65.45999908447266,54.71211242675781,3635500
2020-07-16,65.06999969482422,66.12000274658203,63.869998931884766,64.87000274658203,54.218997955322266,1857300
2020-07-17,65.30999755859375,66.16000366210938,63.59000015258789,63.84000015258789,53.35810852050781,2122100
2020-07-20,63.849998474121094,64.55999755859375,62.27000045776367,62.33000183105469,52.096038818359375,2079600
2020-07-21,63.72999954223633,66.9000015258789,63.5,66.41999816894531,55.514488220214844,3241200
2020-07-22,65.16000366210938,65.52999877929688,63.90999984741211,65.25,54.53660202026367,2585400
2020-07-23,64.81999969482422,65.69999694824219,63.970001220703125,65.18000030517578,54.47808837890625,2104700
2020-07-24,65.44999694824219,66.4800033569336,64.75,65.05999755859375,54.3778076171875,2040600
2020-07-27,64.75,65.02999877929688,63.599998474121094,64.58999633789062,53.98495864868164,1826600
2020-07-28,64.13999938964844,64.95999908447266,63.400001525878906,63.58000183105469,53.14079666137695,2428300
2020-07-29,64.16000366210938,65.58999633789062,63.709999084472656,65.58000183105469,54.81242752075195,2449100
2020-07-30,64.01000213623047,64.20999908447266,61.29999923706055,63.09000015258789,52.73125457763672,3118400
2020-07-31,61.369998931884766,63.099998474121094,60.59000015258789,62.02000045776367,51.83692932128906,5838600
2020-08-03,61.310001373291016,62.0,60.040000915527344,61.119998931884766,51.08470153808594,4331600
2020-08-04,60.75,62.33000183105469,60.119998931884766,61.849998474121094,51.694854736328125,3412600
2020-08-05,63.119998931884766,63.119998931884766,60.529998779296875,61.959999084472656,51.786781311035156,4538200
2020-08-06,61.099998474121094,62.95000076293945,60.68000030517578,60.970001220703125,50.95933151245117,3187800
2020-08-07,60.599998474121094,62.9900016784668,60.13999938964844,62.869998931884766,52.54737091064453,2914000
2020-08-10,63.369998931884766,64.91999816894531,62.900001525878906,64.87000274658203,54.218997955322266,3387100
2020-08-11,66.38999938964844,67.47000122070312,63.75,64.11000061035156,53.58377456665039,3544200
2020-08-12,65.33999633789062,65.51000213623047,63.810001373291016,64.41000366210938,53.83452224731445,3442200
2020-08-13,63.849998474121094,64.29000091552734,62.619998931884766,62.630001068115234,52.346778869628906,2875500
2020-08-14,62.099998474121094,63.7599983215332,61.86000061035156,63.65999984741211,53.20766067504883,2638100
2020-08-17,62.70000076293945,63.13999938964844,62.130001068115234,62.36000061035156,52.868553161621094,2816100
2020-08-18,62.2599983215332,62.5,61.09000015258789,61.310001373291016,51.978355407714844,2658800
2020-08-19,61.5,62.09000015258789,60.369998931884766,61.41999816894531,52.07162094116211,3100800
2020-08-20,60.7599983215332,61.59000015258789,60.619998931884766,60.970001220703125,51.69011306762695,2598700
2020-08-21,61.0,61.779998779296875,60.56999969482422,60.970001220703125,51.69011306762695,3124900
2020-08-24,61.25,63.68000030517578,60.68000030517578,63.650001525878906,53.96220016479492,3011200
2020-08-25,63.70000076293945,63.95000076293945,61.41999816894531,61.630001068115234,52.24965286254883,2303900
2020-08-26,61.41999816894531,61.84000015258789,60.0099983215332,60.029998779296875,50.893184661865234,3003400
2020-08-27,60.18000030517578,60.43000030517578,59.06999969482422,60.2599983215332,51.08817672729492,3160200
2020-08-28,60.349998474121094,62.06999969482422,60.349998474121094,61.790000915527344,52.38529586791992,2469100
2020-08-31,61.849998474121094,61.91999816894531,58.459999084472656,58.470001220703125,49.57062530517578,3657000
2020-09-01,58.380001068115234,59.40999984741211,57.709999084472656,58.790000915527344,49.841915130615234,3194900
2020-09-02,58.59000015258789,60.380001068115234,57.83000183105469,60.04999923706055,50.910133361816406,4491700
2020-09-03,60.130001068115234,61.72999954223633,59.20000076293945,59.689998626708984,50.604923248291016,3365700
2020-09-04,60.0,60.63999938964844,58.560001373291016,58.97999954223633,50.002994537353516,3420100
2020-09-08,58.31999969482422,59.630001068115234,57.869998931884766,57.959999084472656,49.138248443603516,4119800
2020-09-09,58.040000915527344,58.630001068115234,57.15999984741211,57.869998931884766,49.06193923950195,3057100
2020-09-10,58.15999984741211,58.2599983215332,55.349998474121094,55.36000061035156,46.9339714050293,3100900
2020-09-11,55.689998626708984,57.41999816894531,54.880001068115234,57.06999969482422,48.383705139160156,3002100
2020-09-14,57.52000045776367,58.91999816894531,57.43000030517578,58.369998931884766,49.485836029052734,2889700
2020-09-15,58.25,59.540000915527344,57.709999084472656,58.04999923706055,49.21455001831055,3397700
2020-09-16,58.75,61.72999954223633,58.11000061035156,60.5099983215332,51.300113677978516,5347700
2020-09-17,58.81999969482422,60.41999816894531,58.7599983215332,60.349998474121094,51.16447448730469,4187000
2020-09-18,59.25,60.720001220703125,58.93000030517578,59.81999969482422,50.715145111083984,7292400
2020-09-21,57.91999816894531,58.22999954223633,55.58000183105469,55.91999816894531,47.40873718261719,6187500
2020-09-22,55.709999084472656,56.81999969482422,54.869998931884766,55.36000061035156,46.9339714050293,4135900
2020-09-23,55.470001220703125,55.81999969482422,52.560001373291016,52.630001068115234,44.61949920654297,3725300
2020-09-24,52.29999923706055,53.849998474121094,51.04999923706055,52.849998474121094,44.80600357055664,2981000
2020-09-25,52.06999969482422,53.279998779296875,51.70000076293945,52.880001068115234,44.831443786621094,2824300
2020-09-28,53.939998626708984,54.63999938964844,53.43000030517578,53.97999954223633,45.76401138305664,2126600
2020-09-29,53.7599983215332,53.81999969482422,51.7599983215332,52.189998626708984,44.246456146240234,2464600
2020-09-30,52.470001220703125,53.04999923706055,51.59000015258789,51.84000015258789,43.949737548828125,2670300
2020-10-01,51.189998626708984,51.599998474121094,49.75,50.279998779296875,42.62716293334961,4047100
2020-10-02,48.959999084472656,51.7599983215332,48.81999969482422,51.060001373291016,43.2884521484375,3453200
2020-10-05,51.83000183105469,53.130001068115234,51.720001220703125,52.54999923706055,44.551666259765625,2711600
2020-10-06,53.4900016784668,53.4900016784668,50.939998626708984,51.060001373291016,43.2884521484375,2926500
2020-10-07,51.45000076293945,52.18000030517578,50.650001525878906,51.93000030517578,44.026039123535156,2621200
2020-10-08,52.119998931884766,53.65999984741211,52.060001373291016,53.63999938964844,45.475765228271484,2398000
2020-10-09,54.040000915527344,54.5,52.54999923706055,53.040000915527344,44.96709442138672,3185700
2020-10-12,52.65999984741211,54.36000061035156,51.93000030517578,53.459999084472656,45.323158264160156,2769000
2020-10-13,52.869998931884766,53.459999084472656,51.119998931884766,51.27000045776367,43.466487884521484,2885600
2020-10-14,51.720001220703125,53.36000061035156,51.529998779296875,52.08000183105469,44.153202056884766,2111400
2020-10-15,51.04999923706055,52.7400016784668,50.41999816894531,52.5099983215332,44.51775360107422,3502000
2020-10-16,52.459999084472656,52.5,50.470001220703125,50.58000183105469,42.88151550292969,2938700
2020-10-19,50.90999984741211,50.93000030517578,48.880001068115234,48.95000076293945,41.49959945678711,3683200
2020-10-20,49.369998931884766,50.09000015258789,49.08000183105469,49.59000015258789,42.04219436645508,3471300
2020-10-21,48.880001068115234,49.81999969482422,48.65999984741211,48.720001220703125,41.30460739135742,3798400
2020-10-22,48.68000030517578,50.189998626708984,47.54999923706055,50.0099983215332,42.39826583862305,3408600
2020-10-23,50.54999923706055,51.439998626708984,49.40999984741211,50.47999954223633,42.79672622680664,3291400
2020-10-26,49.63999938964844,49.650001525878906,47.900001525878906,48.13999938964844,40.812889099121094,3215000
2020-10-27,48.0,48.369998931884766,47.02000045776367,47.06999969482422,39.9057502746582,3525700
2020-10-28,45.72999954223633,46.5,44.13999938964844,44.220001220703125,37.489524841308594,4911700
2020-10-29,43.619998931884766,46.18000030517578,43.27000045776367,45.97999954223633,38.981651306152344,4436300
2020-10-30,45.380001068115234,46.7400016784668,44.90999984741211,46.65999984741211,39.55814743041992,4578900
2020-11-02,47.380001068115234,48.47999954223633,46.5099983215332,47.959999084472656,40.660282135009766,3732600
2020-11-03,48.619998931884766,49.040000915527344,46.849998474121094,47.52000045776367,40.28725814819336,3287300
2020-11-04,47.65999984741211,49.25,46.61000061035156,47.91999816894531,40.626373291015625,3709000
2020-11-05,47.709999084472656,48.90999984741211,47.43000030517578,48.189998626708984,40.85527801513672,3211600
2020-11-06,48.11000061035156,48.88999938964844,46.189998626708984,46.68000030517578,39.57510757446289,3617000
2020-11-09,52.41999816894531,58.22999954223633,52.29999923706055,57.029998779296875,48.349796295166016,8912800
2020-11-10,58.689998626708984,58.779998779296875,55.70000076293945,58.13999938964844,49.29084396362305,5192400
2020-11-11,58.900001525878906,58.9900016784668,57.689998626708984,58.97999954223633,50.002994537353516,4588500
2020-11-12,57.68000030517578,58.529998779296875,54.599998474121094,54.849998474121094,46.5015983581543,5068000
2020-11-13,55.56999969482422,59.5,55.5,58.7599983215332,49.81648635864258,5655700
2020-11-16,61.189998626708984,63.13999938964844,59.099998474121094,62.619998931884766,53.91476058959961,6020300
2020-11-17,61.25,64.43000030517578,60.25,64.33999633789062,55.39564895629883,5370200
2020-11-18,64.76000213623047,64.8499984741211,60.720001220703125,60.75,52.304718017578125,4151000
2020-11-19,60.0,61.81999969482422,59.529998779296875,61.45000076293945,52.907413482666016,2673700
2020-11-20,61.29999923706055,62.4900016784668,61.0099983215332,61.59000015258789,53.027950286865234,2651600
2020-11-23,62.720001220703125,65.91999816894531,62.599998474121094,65.83999633789062,56.68711853027344,4504300
2020-11-24,68.1500015258789,68.70999908447266,66.5999984741211,67.72000122070312,58.3057746887207,4207300
2020-11-25,66.87999725341797,67.2300033569336,65.7699966430664,66.26000213623047,57.048744201660156,3755900
2020-11-27,65.62000274658203,66.25,64.69000244140625,65.2300033569336,56.161930084228516,1936000
2020-11-30,64.26000213623047,64.5,60.29999923706055,60.58000183105469,52.15835952758789,6423000
2020-12-01,62.779998779296875,64.18000030517578,61.529998779296875,61.880001068115234,53.27763366699219,4021100
2020-12-02,61.20000076293945,65.27999877929688,61.040000915527344,64.43000030517578,55.47314453125,4410700
2020-12-03,64.75,66.9000015258789,63.84000015258789,65.0199966430664,55.981117248535156,2732700
2020-12-04,66.73999786376953,69.91999816894531,66.5199966430664,69.31999969482422,59.683345794677734,4437500
2020-12-07,68.31999969482422,68.80999755859375,66.31999969482422,67.05000305175781,57.728919982910156,3059500
2020-12-08,66.05999755859375,69.08000183105469,66.05999755859375,67.38999938964844,58.02164077758789,3050800
2020-12-09,68.45999908447266,70.0999984741211,66.9800033569336,68.7699966430664,59.20980453491211,3602200
2020-12-10,68.1500015258789,71.69999694824219,68.1500015258789,70.86000061035156,61.00925827026367,3352600
2020-12-11,70.19999694824219,70.41999816894531,68.44999694824219,69.51000213623047,59.84693145751953,2557000
2020-12-14,69.70999908447266,70.55000305175781,66.86000061035156,67.19000244140625,57.84945297241211,2816400
2020-12-15,67.16000366210938,68.69000244140625,66.25,68.25,58.7620964050293,3028500
2020-12-16,68.44999694824219,68.5,66.91999816894531,67.29000091552734,57.9355583190918,3395200
2020-12-17,67.86000061035156,67.87000274658203,66.4000015258789,67.16999816894531,57.83222198486328,3162500
2020-12-18,67.08999633789062,67.5199966430664,66.05999755859375,66.8499984741211,57.55671691894531,8457000
2020-12-21,64.76000213623047,67.26000213623047,63.79999923706055,66.48999786376953,57.246768951416016,3479200
2020-12-22,66.5199966430664,68.18000030517578,66.1500015258789,67.51000213623047,58.124969482421875,3573900
2020-12-23,68.37999725341797,69.97000122070312,68.01000213623047,69.36000061035156,59.7177734375,2988100
2020-12-24,69.19000244140625,69.27999877929688,68.04000091552734,68.7300033569336,59.175376892089844,1295200
2020-12-28,69.44000244140625,70.93000030517578,69.04000091552734,69.33000183105469,59.691951751708984,2442000
2020-12-29,69.44999694824219,69.87000274658203,67.77999877929688,68.37999725341797,58.8740234375,3847500
2020-12-30,68.58999633789062,70.91000366210938,68.48999786376953,70.5999984741211,60.785400390625,2906000
2020-12-31,70.5,70.73999786376953,69.76000213623047,69.94000244140625,60.21715545654297,2003500
2021-01-04,70.61000061035156,71.29000091552734,68.55999755859375,69.87999725341797,60.165489196777344,2714200
2021-01-05,70.0,73.77999877929688,70.0,71.75,61.77553939819336,3907000
2021-01-06,73.01000213623047,73.41999816894531,70.33999633789062,71.22000122070312,61.3192138671875,5097800
2021-01-07,71.5,73.30999755859375,70.77999877929688,71.86000061035156,61.870235443115234,2568200
2021-01-08,72.51000213623047,72.5999984741211,70.33999633789062,70.70999908447266,60.880104064941406,2683600
2021-01-11,69.0,72.80000305175781,68.68000030517578,72.2699966430664,62.223243713378906,4944300
2021-01-12,72.72000122070312,74.06999969482422,71.63999938964844,73.73999786376953,63.488887786865234,2648600
2021-01-13,73.5,73.69999694824219,71.52999877929688,71.7699966430664,61.79275131225586,2520600
2021-01-14,72.02999877929688,74.94999694824219,72.0,74.13999938964844,63.83329391479492,3028700
2021-01-15,73.1500015258789,73.45999908447266,70.93000030517578,71.73999786376953,61.76690673828125,3413700
2021-01-19,72.72000122070312,75.16999816894531,72.08000183105469,74.77999877929688,64.38431549072266,2976200
2021-01-20,75.4000015258789,75.95999908447266,73.94000244140625,75.38999938964844,64.90950775146484,2566800
2021-01-21,74.55999755859375,75.41000366210938,72.62999725341797,73.16000366210938,62.989524841308594,2698600
2021-01-22,71.69999694824219,73.08999633789062,71.1500015258789,72.55000305175781,62.464332580566406,2563600
2021-01-25,72.0,73.19999694824219,71.02999877929688,72.08000183105469,62.05967712402344,3003600
2021-01-26,72.8499984741211,74.08000183105469,71.26000213623047,71.30999755859375,61.396697998046875,2056800
2021-01-27,70.22000122070312,73.18000030517578,69.69999694824219,71.19999694824219,61.301998138427734,3080400
2021-01-28,71.69999694824219,72.62000274658203,70.55999755859375,71.44999694824219,61.517242431640625,2654500
2021-01-29,69.30000305175781,71.4000015258789,67.38999938964844,67.80000305175781,58.374664306640625,5732800
2021-02-01,68.33999633789062,68.44999694824219,65.37999725341797,67.37999725341797,58.013031005859375,2968800
2021-02-02,69.16000366210938,70.1500015258789,67.61000061035156,68.66000366210938,59.11509704589844,2324900
2021-02-03,68.66000366210938,71.38999938964844,68.66000366210938,71.29000091552734,61.3795051574707,2598900
2021-02-04,71.55999755859375,72.5999984741211,70.73999786376953,71.93000030517578,61.93051528930664,1997000
2021-02-05,73.1500015258789,73.51000213623047,71.3499984741211,72.04000091552734,62.02522277832031,2466500
2021-02-08,72.80000305175781,76.13999938964844,72.55000305175781,75.79000091552734,65.25392150878906,2678800
2021-02-09,75.44999694824219,75.55999755859375,73.83999633789062,74.52999877929688,64.1690673828125,2644900
2021-02-10,74.80000305175781,76.77999877929688,74.44999694824219,76.72000122070312,66.05462646484375,2231600
2021-02-11,76.4000015258789,77.26000213623047,74.8499984741211,77.23999786376953,66.50232696533203,2308000
2021-02-12,77.05999755859375,77.79000091552734,76.23999786376953,77.2300033569336,66.49372100830078,1954700
2021-02-16,78.88999938964844,80.5999984741211,78.0999984741211,79.38999938964844,68.35343933105469,2763700
2021-02-17,80.0,80.91000366210938,78.2300033569336,80.63999938964844,69.4296646118164,2135800
2021-02-18,80.16999816894531,80.58999633789062,78.91000366210938,80.05000305175781,68.92170715332031,2075000
2021-02-19,79.7699966430664,82.9800033569336,79.51000213623047,82.30999755859375,71.67333221435547,3401800
2021-02-22,81.47000122070312,85.37000274658203,81.16000366210938,83.95999908447266,73.11011505126953,3213900
2021-02-23,85.25,85.98999786376953,82.38999938964844,85.52999877929688,74.47723388671875,2557200
2021-02-24,85.8499984741211,87.94000244140625,85.52999877929688,87.25,75.97496032714844,3540700
2021-02-25,88.0,88.05000305175781,84.20999908447266,84.63999938964844,73.70223999023438,2767000
2021-02-26,83.91999816894531,84.44000244140625,80.16000366210938,83.05000305175781,72.31771087646484,4790700
2021-03-01,85.05000305175781,85.75,84.0999984741211,84.69999694824219,73.7544937133789,2227400
2021-03-02,84.26000213623047,85.33999633789062,82.19000244140625,82.2699966430664,71.63850402832031,2354100
2021-03-03,83.12000274658203,85.62000274658203,82.80999755859375,83.83999633789062,73.005615234375,2352400
2021-03-04,84.44999694824219,86.16000366210938,82.79000091552734,84.41000366210938,73.50196838378906,2829300
2021-03-05,86.61000061035156,87.43000030517578,84.11000061035156,87.3499984741211,76.06202697753906,3367100
2021-03-08,88.87999725341797,90.0999984741211,87.25,88.47000122070312,77.03730010986328,2892300
2021-03-09,87.69000244140625,90.58999633789062,85.33000183105469,85.4000015258789,74.36402893066406,3497500
2021-03-10,85.55000305175781,89.06999969482422,84.9000015258789,88.44000244140625,77.01117706298828,2554600
2021-03-11,88.5999984741211,89.5,87.55000305175781,87.7300033569336,76.3929443359375,2667700
2021-03-12,88.9800033569336,89.12999725341797,87.48999786376953,88.66000366210938,77.20274353027344,1864100
2021-03-15,88.45999908447266,89.12000274658203,86.86000061035156,87.83999633789062,76.48870086669922,2200800
2021-03-16,86.6500015258789,86.77999877929688,84.58000183105469,84.93000030517578,73.95475006103516,3064000
2021-03-17,84.94999694824219,85.72000122070312,83.6500015258789,85.45999908447266,74.416259765625,2490300
2021-03-18,84.66999816894531,85.19000244140625,81.30000305175781,81.37000274658203,70.85482788085938,3516700
2021-03-19,81.63999938964844,83.54000091552734,80.61000061035156,82.26000213623047,71.62980651855469,5098200
2021-03-22,81.41000366210938,81.94000244140625,80.36000061035156,80.58000183105469,70.16690063476562,2946100
2021-03-23,79.12000274658203,80.86000061035156,77.72000122070312,78.9800033569336,68.7736587524414,3348500
2021-03-24,80.47000122070312,82.26000213623047,80.33000183105469,82.02999877929688,71.42951965332031,3417400
2021-03-25,80.77999877929688,82.7300033569336,79.12999725341797,82.44000244140625,71.78653717041016,2613300
2021-03-26,83.94999694824219,84.44000244140625,82.56999969482422,84.30999755859375,73.41486358642578,2370000
2021-03-29,83.16000366210938,83.37999725341797,81.31999969482422,82.52999877929688,71.86491394042969,1880600
2021-03-30,81.76000213623047,83.30999755859375,81.5999984741211,82.30999755859375,71.67333221435547,1960600
2021-03-31,81.98999786376953,82.62000274658203,81.2699966430664,81.54000091552734,71.00285339355469,2665200
2021-04-01,81.58999633789062,83.30000305175781,80.5199966430664,83.16000366210938,72.41349792480469,2732900
2021-04-05,83.04000091552734,83.37000274658203,81.18000030517578,82.05999755859375,71.45565032958984,3060200
2021-04-06,82.19000244140625,82.91999816894531,80.5199966430664,80.8499984741211,70.4020004272461,2905200
2021-04-07,80.87000274658203,80.94000244140625,79.11000061035156,80.0,69.66187286376953,2707200
2021-04-08,78.95999908447266,79.16999816894531,77.66000366210938,78.41999816894531,68.28602600097656,2908500
2021-04-09,78.5199966430664,80.62999725341797,78.0999984741211,79.02999877929688,68.81719970703125,3592000
2021-04-12,79.66000366210938,80.37000274658203,77.45999908447266,77.62000274658203,67.58940887451172,1846300
2021-04-13,77.26000213623047,77.83999633789062,76.66000366210938,77.62000274658203,67.58940887451172,2000600
2021-04-14,78.3499984741211,80.52999877929688,78.20999908447266,79.38999938964844,69.13067626953125,2237300
2021-04-15,79.02999877929688,79.2699966430664,78.25,79.0199966430664,68.80850219726562,2143800
2021-04-16,79.55999755859375,80.44999694824219,78.1500015258789,78.69000244140625,68.52114868164062,2422300
2021-04-19,78.8499984741211,79.6500015258789,77.45999908447266,77.94000244140625,67.86805725097656,2352600
2021-04-20,77.2699966430664,77.48999786376953,74.5999984741211,75.41999816894531,65.67372131347656,2283800
2021-04-21,74.62000274658203,77.3499984741211,74.33000183105469,77.0199966430664,67.06694030761719,2553200
2021-04-22,77.16999816894531,77.16999816894531,74.91999816894531,74.94999694824219,65.26444244384766,2625700
2021-04-23,75.30999755859375,76.80000305175781,74.9800033569336,76.48999786376953,66.60543060302734,1992800
2021-04-26,76.48999786376953,77.41000366210938,76.25,76.5,66.61414337158203,1582100
2021-04-27,76.69000244140625,78.3499984741211,76.4000015258789,78.0999984741211,68.00738525390625,1955100
2021-04-28,78.51000213623047,80.55000305175781,78.4000015258789,80.0999984741211,69.7489242553711,2670500
2021-04-29,81.0,82.27999877929688,80.37999725341797,81.12000274658203,70.63712310791016,2814500
2021-04-30,80.05000305175781,82.48999786376953,79.9000015258789,80.91000366210938,70.45425415039062,3061400
2021-05-03,82.22000122070312,84.20999908447266,81.98999786376953,83.94000244140625,73.09270477294922,3078200
2021-05-04,84.45999908447266,85.12000274658203,82.2300033569336,83.02999877929688,72.30029296875,2867600
2021-05-05,83.66000366210938,85.08000183105469,82.77999877929688,84.98999786376953,74.00701141357422,2899900
2021-05-06,85.26000213623047,85.7300033569336,84.11000061035156,85.61000061035156,74.546875,1661100
2021-05-07,84.5,86.29000091552734,84.26000213623047,86.04000091552734,74.92133331298828,1894900
2021-05-10,87.12999725341797,87.94999694824219,85.55000305175781,85.58999633789062,74.52946472167969,2567400
2021-05-11,84.1500015258789,85.01000213623047,82.6500015258789,83.62999725341797,72.82276916503906,2450700
2021-05-12,83.58999633789062,87.58000183105469,83.52999877929688,85.33999633789062,74.31177520751953,3060600
2021-05-13,84.1500015258789,86.19999694824219,83.23999786376953,84.3499984741211,73.44971466064453,2265300
2021-05-14,85.2300033569336,87.80000305175781,85.2300033569336,87.69999694824219,76.36681365966797,2818200
2021-05-17,87.48999786376953,88.98999786376953,86.75,88.69999694824219,77.2375717163086,3022200
2021-05-18,88.69999694824219,89.0999984741211,86.58999633789062,86.76000213623047,75.54828643798828,2147700
2021-05-19,85.19999694824219,86.73999786376953,83.83000183105469,85.7300033569336,74.6513900756836,2669700
2021-05-20,85.73999786376953,86.12999725341797,83.95999908447266,85.0999984741211,74.10279846191406,3492300
2021-05-21,85.19999694824219,86.05000305175781,84.2300033569336,84.29000091552734,74.18199920654297,2675100
2021-05-24,85.0,85.68000030517578,84.22000122070312,85.51000213623047,75.25570678710938,1683300
2021-05-25,85.02999877929688,85.31999969482422,83.13999938964844,83.2300033569336,73.24910736083984,2433200
2021-05-26,83.61000061035156,83.93000030517578,83.05000305175781,83.37000274658203,73.37232971191406,2529100
2021-05-27,83.6500015258789,84.5,83.51000213623047,84.41000366210938,74.28760528564453,2903500
2021-05-28,85.0,85.0999984741211,83.63999938964844,84.22000122070312,74.12040710449219,1722900
2021-06-01,85.95999908447266,87.30999755859375,85.9000015258789,86.8499984741211,76.43499755859375,3599900
2021-06-02,87.19999694824219,89.75,86.0999984741211,89.62000274658203,78.8728256225586,3142100
2021-06-03,89.23999786376953,90.47000122070312,88.38999938964844,89.20999908447266,78.51200103759766,2995900
2021-06-04,90.0,91.87000274658203,89.5199966430664,91.4800033569336,80.50978088378906,3267400
2021-06-07,91.81999969482422,93.79000091552734,91.62000274658203,92.41000366210938,81.32825469970703,3160000
2021-06-08,91.72000122070312,93.7699966430664,90.26000213623047,92.55999755859375,81.46025848388672,2778100
2021-06-09,93.5199966430664,93.9800033569336,92.44000244140625,92.44999694824219,81.36346435546875,3670900
2021-06-10,93.95999908447266,94.33999633789062,90.68000030517578,91.63999938964844,80.65058135986328,2248500
2021-06-11,92.31999969482422,92.63999938964844,90.91000366210938,90.97000122070312,80.0609359741211,2518300
2021-06-14,91.41000366210938,92.05999755859375,90.44999694824219,91.44000244140625,80.4745864868164,2030900
2021-06-15,92.06999969482422,93.38999938964844,91.16999816894531,92.0999984741211,81.0554428100586,2450100
2021-06-16,91.56999969482422,91.95999908447266,89.7699966430664,90.73999786376953,79.85852813720703,2188600
2021-06-17,90.51000213623047,91.13999938964844,86.01000213623047,86.66000366210938,76.26779174804688,3044100
2021-06-18,85.38999938964844,86.37000274658203,84.0999984741211,84.16999816894531,74.07638549804688,3990400
2021-06-21,85.20999908447266,87.5199966430664,84.94999694824219,87.3499984741211,76.87503814697266,2828400
2021-06-22,86.91999816894531,88.48999786376953,85.88999938964844,87.97000122070312,77.42070007324219,2689400
2021-06-23,88.61000061035156,90.04000091552734,88.18000030517578,88.26000213623047,77.67594146728516,3452400
2021-06-24,88.81999969482422,89.98999786376953,88.02999877929688,89.69000244140625,78.9344482421875,3097500
2021-06-25,89.80000305175781,90.44999694824219,88.55000305175781,90.04000091552734,79.24246978759766,8032600
2021-06-28,89.66999816894531,89.66999816894531,84.9800033569336,85.41999816894531,75.1764907836914,4141800
2021-06-29,86.16000366210938,86.51000213623047,84.69000244140625,85.11000061035156,74.90367126464844,3392700
2021-06-30,85.52999877929688,85.94999694824219,85.08000183105469,85.81999969482422,75.52852630615234,3103500
2021-07-01,87.58999633789062,87.8499984741211,86.05000305175781,87.08999633789062,76.64622497558594,2358100
2021-07-02,86.77999877929688,88.66000366210938,86.3499984741211,87.9000015258789,77.35910034179688,2080300
2021-07-06,88.0,88.0,84.02999877929688,84.44999694824219,74.32279968261719,6464400
2021-07-07,83.41000366210938,84.41999816894531,81.12000274658203,82.54000091552734,72.64186096191406,5109200
2021-07-08,80.37999725341797,82.16999816894531,79.7300033569336,80.79000091552734,71.10171508789062,2484200
2021-07-09,81.5999984741211,82.83000183105469,80.72000122070312,82.69999694824219,72.78267669677734,2376600
2021-07-12,81.4000015258789,83.18000030517578,81.0,82.4000015258789,72.5186538696289,3251800
2021-07-13,81.80999755859375,82.33000183105469,81.08000183105469,81.6500015258789,71.85858917236328,3340600
2021-07-14,81.48999786376953,82.37000274658203,78.30000305175781,78.54000091552734,69.12153625488281,4263700
2021-07-15,77.5999984741211,78.62999725341797,76.80999755859375,77.16999816894531,67.91583251953125,3481000
2021-07-16,77.79000091552734,77.97000122070312,74.22000122070312,74.4800033569336,65.54840087890625,3305400
2021-07-19,72.0,72.80999755859375,70.06999969482422,70.55000305175781,62.08970260620117,5171600
2021-07-20,70.5,72.51000213623047,69.7300033569336,71.12999725341797,62.60013961791992,4956500
2021-07-21,72.5,74.30000305175781,72.37999725341797,73.76000213623047,64.91474914550781,4450100
2021-07-22,73.27999877929688,73.44999694824219,71.37999725341797,72.30999755859375,63.638648986816406,2807100
2021-07-23,72.29000091552734,72.61000061035156,71.41000366210938,72.16999816894531,63.51541519165039,2126000
2021-07-26,72.37999725341797,74.38999938964844,72.2699966430664,74.31999969482422,65.40760040283203,2167800
2021-07-27,73.52999877929688,74.68000030517578,72.80000305175781,74.54000091552734,65.60121154785156,1932500
2021-07-28,74.91000366210938,75.91000366210938,73.77999877929688,75.22000122070312,66.19966888427734,1958000
2021-07-29,76.16999816894531,76.4000015258789,74.66000366210938,74.77999877929688,65.81242370605469,1938400
2021-07-30,74.33999633789062,74.9000015258789,72.97000122070312,73.43000030517578,64.62432098388672,3301000
2021-08-02,73.75,76.1500015258789,73.25,73.4800033569336,64.66835021972656,4061200
2021-08-03,73.5,76.0999984741211,73.12000274658203,76.06999969482422,66.94772338867188,3148500
2021-08-04,73.76000213623047,73.87000274658203,71.5999984741211,71.63999938964844,63.048973083496094,4259700
2021-08-05,72.58000183105469,74.33999633789062,72.12000274658203,73.37000274658203,64.57151794433594,2182900
2021-08-06,74.3499984741211,74.66999816894531,73.38999938964844,73.95999908447266,65.09076690673828,1807900
2021-08-09,72.80999755859375,73.91999816894531,72.56999969482422,73.01000213623047,64.25469207763672,2220700
2021-08-10,73.25,74.5,73.11000061035156,74.2300033569336,65.32840728759766,2823800
2021-08-11,73.9800033569336,74.54000091552734,73.44000244140625,74.41000366210938,65.48680114746094,2021300
2021-08-12,74.25,74.62000274658203,73.4000015258789,74.44000244140625,65.51319885253906,1790000
2021-08-13,74.63999938964844,74.95999908447266,73.79000091552734,73.88999938964844,65.02916717529297,2214700
2021-08-16,72.88999938964844,72.9800033569336,71.51000213623047,71.8499984741211,63.233802795410156,4751400
2021-08-17,70.33999633789062,71.30999755859375,69.44000244140625,69.97000122070312,62.36037826538086,3161400
2021-08-18,69.94000244140625,70.73999786376953,68.05000305175781,68.1500015258789,60.73831558227539,3895000
2021-08-19,66.83999633789062,67.25,65.3499984741211,66.2699966430664,59.062767028808594,4008600
2021-08-20,65.19999694824219,66.5,64.44999694824219,65.94999694824219,58.77757263183594,4518600
2021-08-23,67.62999725341797,68.98999786376953,67.55000305175781,68.80000305175781,61.317623138427734,3549900
2021-08-24,69.58000183105469,71.22000122070312,69.16000366210938,70.93000030517578,63.21596908569336,3351900
2021-08-25,70.83000183105469,72.6500015258789,70.33999633789062,72.18000030517578,64.33002471923828,2229500
2021-08-26,71.0,71.73999786376953,70.45999908447266,70.68000030517578,62.9931755065918,2518500
2021-08-27,71.30000305175781,73.16999816894531,71.23999786376953,72.61000061035156,64.7132568359375,2349900
2021-08-30,73.18000030517578,73.5,71.55000305175781,71.56999969482422,63.78636932373047,1790300
2021-08-31,71.06999969482422,72.19000244140625,70.68000030517578,71.08999633789062,63.35857009887695,3333500
2021-09-01,71.45999908447266,71.45999908447266,68.91000366210938,69.20999908447266,61.68303298950195,3334500
2021-09-02,69.83000183105469,71.16000366210938,69.66999816894531,69.91999816894531,62.31581497192383,2336500
2021-09-03,69.9000015258789,70.44000244140625,69.05000305175781,69.62000274658203,62.048439025878906,1606200
2021-09-07,69.08999633789062,70.4000015258789,68.72000122070312,68.73999786376953,61.26414108276367,2108700
2021-09-08,69.18000030517578,69.62999725341797,66.94000244140625,66.98999786376953,59.7044677734375,2498400
2021-09-09,66.4800033569336,68.19000244140625,66.05000305175781,66.73999786376953,59.48164749145508,3575700
2021-09-10,67.73999786376953,67.75,66.1500015258789,66.37999725341797,59.16080856323242,2477500
2021-09-13,67.31999969482422,67.94999694824219,66.70999908447266,67.26000213623047,59.94511032104492,3545100
2021-09-14,67.81999969482422,68.04000091552734,64.94999694824219,65.23999786376953,58.14479446411133,3572200
2021-09-15,65.87999725341797,66.91999816894531,65.47000122070312,66.02999877929688,58.84886932373047,4584500
2021-09-16,66.0,66.44999694824219,65.13999938964844,65.76000213623047,58.608238220214844,2427000
2021-09-17,65.75,66.62000274658203,65.26000213623047,66.0199966430664,58.839962005615234,6201900
2021-09-20,64.30000305175781,65.31999969482422,63.189998626708984,64.2699966430664,57.2802734375,2989700
2021-09-21,65.1500015258789,65.31999969482422,63.560001373291016,64.33999633789062,57.34267044067383,2170000
2021-09-22,65.45999908447266,68.0199966430664,65.44000244140625,67.01000213623047,59.7223014831543,4003600
2021-09-23,67.08999633789062,68.86000061035156,66.87999725341797,68.61000061035156,61.14828109741211,2520300
2021-09-24,67.9800033569336,68.48999786376953,67.4000015258789,68.04000091552734,60.6402702331543,2424700
2021-09-27,69.52999877929688,71.51000213623047,69.08000183105469,71.12999725341797,63.394222259521484,3136300
2021-09-28,72.26000213623047,72.94999694824219,70.7699966430664,70.91000366210938,63.198158264160156,3790400
2021-09-29,70.77999877929688,70.83999633789062,69.69000244140625,69.95999908447266,62.3514518737793,2351900
2021-09-30,70.12000274658203,70.88999938964844,69.08999633789062,70.02999877929688,62.413856506347656,3435400
2021-10-01,70.08999633789062,72.77999877929688,70.08999633789062,72.56999969482422,64.67762756347656,2859400
2021-10-04,73.0,75.93000030517578,72.29000091552734,75.70999908447266,67.47611999511719,6312000
2021-10-05,77.0999984741211,78.91999816894531,75.66999816894531,77.3499984741211,68.93775939941406,5064900
2021-10-06,77.0199966430664,78.68000030517578,76.2699966430664,78.38999938964844,69.86466217041016,4437300
2021-10-07,78.70999908447266,79.9800033569336,78.44999694824219,79.30000305175781,70.67570495605469,2746500
2021-10-08,80.01000213623047,82.6500015258789,79.63999938964844,82.12999725341797,73.1978988647461,3274000
2021-10-11,82.95999908447266,84.51000213623047,82.01000213623047,82.04000091552734,73.11770629882812,2671900
2021-10-12,82.0,83.33999633789062,81.80999755859375,82.62999725341797,73.6435317993164,2217500
2021-10-13,81.80000305175781,82.38999938964844,80.55999755859375,81.87000274658203,72.96619415283203,3511800
2021-10-14,83.0999984741211,83.52999877929688,81.7300033569336,82.16000366210938,73.22462463378906,2283100
2021-10-15,83.0,83.3499984741211,81.19000244140625,81.22000122070312,72.38687896728516,2092900
2021-10-18,81.66999816894531,82.63999938964844,80.4000015258789,80.87000274658203,72.074951171875,2534500
2021-10-19,81.4000015258789,82.88999938964844,81.05999755859375,82.77999877929688,73.7772216796875,2880000
2021-10-20,82.33999633789062,83.33000183105469,81.87999725341797,83.31999969482422,74.25849914550781,2016900
2021-10-21,82.68000030517578,84.23999786376953,81.86000061035156,82.7300033569336,73.73265075683594,2536000
2021-10-22,82.93000030517578,83.8499984741211,81.5199966430664,82.88999938964844,73.87525939941406,1880200
2021-10-25,83.55000305175781,84.08000183105469,82.83000183105469,83.7300033569336,74.62389373779297,1939200
2021-10-26,83.73999786376953,83.75,81.95999908447266,82.22000122070312,73.27813720703125,3262700
2021-10-27,80.5,80.8499984741211,77.12999725341797,77.3499984741211,68.93775939941406,5417200
2021-10-28,76.5,77.98999786376953,76.0,76.75,68.40300750732422,3380000
2021-10-29,77.0,77.68000030517578,74.06999969482422,74.77999877929688,66.64727020263672,5110900
2021-11-01,75.41000366210938,78.18000030517578,75.30000305175781,78.13999938964844,69.641845703125,5824600
2021-11-02,78.0999984741211,79.97000122070312,77.55000305175781,77.55000305175781,69.11601257324219,4552600
2021-11-03,77.26000213623047,79.54000091552734,76.98999786376953,78.94000244140625,70.35482788085938,4270800
2021-11-04,79.83999633789062,80.12999725341797,76.30999755859375,76.87999725341797,68.51886749267578,2859200
2021-11-05,78.0,78.37999725341797,76.5999984741211,77.7699966430664,69.31208038330078,2682400
2021-11-08,78.5999984741211,79.06999969482422,77.41999816894531,77.98999786376953,69.50814819335938,1640600
2021-11-09,77.81999969482422,79.2300033569336,77.2699966430664,79.16999816894531,70.55982971191406,2363700
2021-11-10,79.08000183105469,79.76000213623047,77.11000061035156,77.52999877929688,69.09819030761719,2910300
2021-11-11,77.5,78.72000122070312,77.18000030517578,77.87000274658203,69.4012222290039,1510500
2021-11-12,77.18000030517578,78.13999938964844,76.55999755859375,77.47000122070312,69.04469299316406,2146500
2021-11-15,78.0999984741211,79.55999755859375,77.26000213623047,78.91000366210938,70.328125,3721000
2021-11-16,78.04000091552734,78.5,76.5999984741211,76.98999786376953,69.42634582519531,2950000
2021-11-17,76.2300033569336,76.56999969482422,74.47000122070312,74.68000030517578,67.3432846069336,2299800
2021-11-18,74.47000122070312,75.06999969482422,73.0,73.70999908447266,66.46857452392578,2548600
2021-11-19,72.01000213623047,72.30000305175781,69.51000213623047,69.63999938964844,62.79841613769531,4692200
2021-11-22,69.61000061035156,73.44000244140625,69.56999969482422,72.19000244140625,65.09790802001953,3782400
2021-11-23,73.16000366210938,74.13999938964844,72.83999633789062,73.83000183105469,66.57679748535156,3452500
2021-11-24,73.37999725341797,74.79000091552734,73.13999938964844,73.87000274658203,66.61286163330078,2305200
2021-11-26,69.87000274658203,69.97000122070312,67.08000183105469,69.25,62.446739196777344,5044500
2021-11-29,70.73999786376953,71.91000366210938,69.0199966430664,69.86000061035156,62.996803283691406,3400500
2021-11-30,68.01000213623047,69.73999786376953,68.01000213623047,69.16999816894531,62.37459945678711,5819900
2021-12-01,71.4000015258789,71.83000183105469,68.62999725341797,68.66999816894531,61.9237174987793,3976800
2021-12-02,68.83000183105469,71.7300033569336,67.93000030517578,71.37999725341797,64.36746978759766,3617500
2021-12-03,72.5,72.87999725341797,69.47000122070312,70.0,63.123050689697266,3219500
2021-12-06,71.0999984741211,72.30999755859375,69.54000091552734,71.06999969482422,64.08793640136719,3866000
2021-12-07,72.04000091552734,74.08999633789062,72.0,72.4800033569336,65.35942077636719,2572900
2021-12-08,72.69999694824219,73.16999816894531,71.70999908447266,71.8499984741211,64.79130554199219,1947700
2021-12-09,72.01000213623047,72.8499984741211,71.26000213623047,72.30000305175781,65.19710540771484,3913400
2021-12-10,73.01000213623047,73.20999908447266,71.31999969482422,72.5199966430664,65.39547729492188,2268800
2021-12-13,71.52999877929688,71.97000122070312,69.51000213623047,69.63999938964844,62.79841613769531,2527800
2021-12-14,69.44999694824219,72.41999816894531,69.31999969482422,70.7300033569336,63.781341552734375,3360000
2021-12-15,70.23999786376953,71.02999877929688,69.23999786376953,70.5199966430664,63.59196472167969,2666100
2021-12-16,71.36000061035156,72.4000015258789,70.80000305175781,70.95999908447266,63.9887580871582,2965600
2021-12-17,70.83999633789062,71.88999938964844,69.52999877929688,71.80000305175781,64.7462158203125,5988200
2021-12-20,69.7699966430664,71.0199966430664,68.56999969482422,69.43000030517578,62.60905838012695,5883100
2021-12-21,70.41000366210938,72.7699966430664,70.23999786376953,72.13999938964844,65.05282592773438,5058500
2021-12-22,72.31999969482422,72.9800033569336,71.4800033569336,71.62000274658203,64.58392333984375,2320700
2021-12-23,72.58000183105469,73.16999816894531,71.8499984741211,71.9000015258789,64.8364028930664,2970100
2021-12-27,71.55999755859375,72.83999633789062,70.66000366210938,72.79000091552734,65.63896942138672,2229500
2021-12-28,73.0999984741211,74.19999694824219,72.95999908447266,73.93000030517578,66.66697692871094,2316200
2021-12-29,73.5999984741211,73.93000030517578,72.79000091552734,72.8499984741211,65.69307708740234,2693100
2021-12-30,72.91999816894531,73.9800033569336,72.37999725341797,72.44999694824219,65.33236694335938,2469200
2021-12-31,72.25,73.05000305175781,72.05000305175781,72.45999908447266,65.34137725830078,2317800
2022-01-03,72.88999938964844,75.8499984741211,72.88999938964844,75.73999786376953,68.29914855957031,3710300
2022-01-04,76.52999877929688,78.75,76.45999908447266,78.56999969482422,70.85111999511719,4484400
2022-01-05,79.25,80.26000213623047,77.86000061035156,78.31999969482422,70.62567901611328,4196400
2022-01-06,80.25,80.70999908447266,78.4000015258789,80.4800033569336,72.57347106933594,3631300
2022-01-07,80.4800033569336,82.08999633789062,79.88999938964844,81.95999908447266,73.9080810546875,3771000
2022-01-10,82.33000183105469,84.30000305175781,81.97000122070312,83.86000061035156,75.6214370727539,5816300
2022-01-11,84.62999725341797,86.7300033569336,84.0199966430664,86.1500015258789,77.68645477294922,4409600
2022-01-12,86.5,86.98999786376953,85.51000213623047,86.30000305175781,77.82172393798828,4263400
2022-01-13,85.80999755859375,87.98999786376953,85.80999755859375,86.77999877929688,78.25456237792969,3706600
2022-01-14,86.5,88.63999938964844,86.5,88.58000183105469,79.87772369384766,3389700
2022-01-18,89.56999969482422,89.9000015258789,87.16999816894531,88.66000366210938,79.94986724853516,3862500
2022-01-19,89.5199966430664,89.55000305175781,86.5,87.23999786376953,78.66936492919922,3086500
2022-01-20,86.44999694824219,88.27999877929688,85.47000122070312,85.5,77.1003189086914,2943500
2022-01-21,85.1500015258789,85.1500015258789,82.23999786376953,83.44000244140625,75.24269104003906,3592700
2022-01-24,81.22000122070312,83.11000061035156,79.52999877929688,82.83000183105469,74.69261169433594,3803800
2022-01-25,82.23999786376953,86.25,81.23999786376953,85.95999908447266,77.51512145996094,3122800
2022-01-26,86.91999816894531,87.95999908447266,84.41000366210938,85.05000305175781,76.69452667236328,3907700
2022-01-27,87.2300033569336,87.8499984741211,84.0,85.81999969482422,77.38887786865234,3917900
2022-01-28,86.16000366210938,89.19999694824219,81.9800033569336,84.25,75.9731216430664,6742900
2022-01-31,84.41999816894531,85.79000091552734,83.20999908447266,84.79000091552734,76.46005249023438,3778700
2022-02-01,84.08000183105469,87.80000305175781,83.44999694824219,87.66000366210938,79.04811096191406,3360100
2022-02-02,87.0199966430664,87.94999694824219,84.76000213623047,87.69999694824219,79.08416748046875,4159500
2022-02-03,87.75,88.0,86.2699966430664,87.22000122070312,78.65133666992188,2829400
2022-02-04,88.05000305175781,89.5,87.9000015258789,88.83999633789062,80.11217498779297,3256300
2022-02-07,88.37999725341797,91.19999694824219,88.0,90.29000091552734,81.41972351074219,4104900
2022-02-08,89.44999694824219,90.23999786376953,87.86000061035156,88.81999969482422,80.09414672851562,3048400
2022-02-09,89.01000213623047,90.0999984741211,88.80000305175781,89.44999694824219,80.6622543334961,2605900
2022-02-10,89.0,91.19999694824219,88.87000274658203,89.45999908447266,80.67125701904297,2660100
2022-02-11,90.0,93.55000305175781,89.87999725341797,93.19999694824219,84.04383850097656,4821300
2022-02-14,92.44000244140625,92.5199966430664,89.3499984741211,90.5199966430664,81.62712860107422,3951800
2022-02-15,88.6500015258789,89.55999755859375,87.75,88.41999816894531,79.73342895507812,3397400
2022-02-16,89.54000091552734,90.7300033569336,87.75,88.30000305175781,79.6252212524414,3426300
2022-02-17,87.95999908447266,88.4800033569336,86.56999969482422,87.04000091552734,78.489013671875,2670700
2022-02-18,85.19000244140625,86.68000030517578,84.55000305175781,85.06999969482422,77.53205108642578,2488000
2022-02-22,86.94000244140625,87.33000183105469,83.0199966430664,84.0999984741211,76.64799499511719,3562000
2022-02-23,84.8499984741211,84.88999938964844,83.37000274658203,83.9800033569336,76.53863525390625,3261800
2022-02-24,85.0,85.04000091552734,81.68000030517578,83.4800033569336,76.08294677734375,3775000
2022-02-25,84.02999877929688,85.4000015258789,83.58999633789062,84.69000244140625,77.18572998046875,2999700
2022-02-28,83.51000213623047,84.73999786376953,82.94000244140625,84.23999786376953,76.77559661865234,4639400
2022-03-01,85.08000183105469,86.20999908447266,81.08999633789062,82.16999816894531,74.8890151977539,5324500
2022-03-02,83.04000091552734,85.16000366210938,82.5999984741211,84.30999755859375,76.83938598632812,3644200
2022-03-03,84.0,85.38999938964844,82.41000366210938,83.0,75.64547729492188,3894300
2022-03-04,82.45999908447266,84.48999786376953,82.30000305175781,84.30000305175781,76.83029174804688,4030100
2022-03-07,85.22000122070312,85.95999908447266,82.37000274658203,82.5999984741211,75.28091430664062,6183500
2022-03-08,84.55999755859375,88.30000305175781,83.79000091552734,84.30999755859375,76.83938598632812,16579800
2022-03-09,79.5,80.3499984741211,78.12000274658203,79.3499984741211,72.31889343261719,14161400
2022-03-10,80.19999694824219,81.33000183105469,78.29000091552734,81.20999908447266,74.01407623291016,10788600
2022-03-11,80.55999755859375,82.0999984741211,79.80000305175781,80.7699966430664,73.61307525634766,7198200
2022-03-14,80.04000091552734,80.97000122070312,77.25,78.2699966430664,71.33458709716797,5807200
2022-03-15,76.91000366210938,77.58000183105469,73.8499984741211,75.33999633789062,68.66421508789062,5925300
2022-03-16,75.75,76.83999633789062,75.45999908447266,76.5,69.72142028808594,4031800
2022-03-17,77.2699966430664,77.9800033569336,76.08000183105469,77.55000305175781,70.67839813232422,4840500
2022-03-18,77.73999786376953,78.83999633789062,76.5,78.76000213623047,71.78118896484375,8269500
2022-03-21,80.0,81.4000015258789,79.77999877929688,80.62999725341797,73.48546600341797,4278900
2022-03-22,80.19999694824219,80.58000183105469,78.30999755859375,79.79000091552734,72.71990203857422,3541700
2022-03-23,80.5,80.9800033569336,79.86000061035156,80.2699966430664,73.1573715209961,3446700
2022-03-24,80.62999725341797,81.33000183105469,79.80000305175781,81.12000274658203,73.93206787109375,3946900
2022-03-25,80.79000091552734,83.8499984741211,80.58000183105469,83.8499984741211,76.42015838623047,4290900
2022-03-28,82.5,83.22000122070312,81.44999694824219,82.29000091552734,74.9983901977539,4214600
2022-03-29,81.0,83.55000305175781,80.61000061035156,83.47000122070312,76.0738296508789,3546000
2022-03-30,84.63999938964844,87.5,84.63999938964844,87.44000244140625,79.69205474853516,4512500
2022-03-31,87.0,88.72000122070312,86.30999755859375,86.38999938964844,78.73509216308594,4830800
2022-04-01,86.43000030517578,87.48999786376953,84.52999877929688,85.95999908447266,78.34319305419922,3204400
2022-04-04,86.68000030517578,87.0,85.54000091552734,86.66999816894531,78.99028015136719,2410900
2022-04-05,86.9800033569336,88.16000366210938,85.88999938964844,85.91000366210938,78.29762268066406,3003100
2022-04-06,86.55000305175781,86.98999786376953,85.22000122070312,85.68000030517578,78.0880126953125,2563300
2022-04-07,86.16000366210938,86.6500015258789,80.16999816894531,83.08000183105469,75.71839141845703,7514600
2022-04-08,83.66999816894531,84.93000030517578,83.1500015258789,84.25,76.78470611572266,4686200
2022-04-11,83.58999633789062,84.19999694824219,82.16999816894531,82.48999786376953,75.18067169189453,3973800
2022-04-12,83.5,84.7300033569336,81.70999908447266,81.97000122070312,74.70674896240234,2943900
2022-04-13,82.43000030517578,83.38999938964844,81.63999938964844,83.13999938964844,75.77306365966797,2659600
2022-04-14,83.31999969482422,84.08999633789062,82.79000091552734,82.8499984741211,75.50875854492188,3014900
2022-04-18,83.68000030517578,87.18000030517578,82.61000061035156,87.16000366210938,79.43685913085938,3679600
2022-04-19,86.95999908447266,90.51000213623047,86.79000091552734,89.55000305175781,81.6150894165039,5120900
2022-04-20,89.7699966430664,90.63999938964844,88.52999877929688,88.87000274658203,80.9953384399414,2816600
2022-04-21,89.76000213623047,90.51000213623047,85.54000091552734,85.94999694824219,78.33409118652344,4574000
2022-04-22,85.98999786376953,86.72000122070312,83.5,83.62000274658203,76.2105484008789,3458600
2022-04-25,81.27999877929688,82.01000213623047,78.08999633789062,81.0199966430664,73.84092712402344,5577500
2022-04-26,81.41999816894531,83.44000244140625,81.05000305175781,81.87999725341797,74.62471008300781,4847000
2022-04-27,81.88999938964844,84.12000274658203,80.68000030517578,83.01000213623047,75.65458679199219,4482600
2022-04-28,83.63999938964844,87.76000213623047,83.05000305175781,87.20999908447266,79.48242950439453,4228700
2022-04-29,88.62999725341797,90.33000183105469,86.47000122070312,86.76000213623047,79.07231140136719,6279900
2022-05-02,86.68000030517578,89.45999908447266,86.08999633789062,89.18000030517578,81.27786254882812,4280400
2022-05-03,89.38999938964844,91.25,89.37000274658203,90.79000091552734,82.7452163696289,4292000
2022-05-04,91.73999786376953,96.44999694824219,90.94999694824219,96.16999816894531,87.64848327636719,5874800
2022-05-05,96.61000061035156,96.76000213623047,92.45999908447266,94.5199966430664,86.14469909667969,5448500
2022-05-06,95.93000030517578,96.54000091552734,93.08999633789062,96.36000061035156,87.8216552734375,4093600
2022-05-09,94.2699966430664,94.69999694824219,89.16000366210938,89.4800033569336,81.55130004882812,5173000
2022-05-10,90.41000366210938,92.54000091552734,87.83000183105469,89.56999969482422,81.63331604003906,4186100
2022-05-11,91.36000061035156,92.9800033569336,90.0999984741211,91.19999694824219,83.11888122558594,2981700
2022-05-12,91.41999816894531,91.68000030517578,88.75,91.19000244140625,83.10977172851562,3910600
2022-05-13,92.69000244140625,94.88999938964844,92.69000244140625,94.5999984741211,86.21760559082031,3329000
2022-05-16,94.72000122070312,97.9800033569336,94.72000122070312,97.08000183105469,88.47787475585938,4561900
2022-05-17,98.36000061035156,98.66000366210938,96.43000030517578,97.72000122070312,89.06114959716797,3747200
2022-05-18,98.19999694824219,98.58000183105469,94.30999755859375,95.5199966430664,87.05609130859375,4002600
2022-05-19,93.19999694824219,96.41000366210938,92.55000305175781,95.33000183105469,86.88292694091797,4660600
2022-05-20,95.43000030517578,95.91000366210938,91.4800033569336,93.79000091552734,86.35808563232422,3838800
2022-05-23,95.16000366210938,95.91999816894531,94.18000030517578,95.08000183105469,87.5458755493164,4220300
2022-05-24,94.04000091552734,97.05000305175781,93.69999694824219,96.7699966430664,89.10195922851562,3076300
2022-05-25,96.98999786376953,99.62999725341797,96.75,99.08000183105469,91.22891235351562,3422100
2022-05-26,99.88999938964844,100.62999725341797,98.4800033569336,98.68000030517578,90.86061096191406,3262700
2022-05-27,98.69999694824219,102.2699966430664,98.61000061035156,101.7300033569336,93.6689453125,3621300
2022-05-31,102.30999755859375,103.66999816894531,100.55999755859375,100.80999755859375,92.82182312011719,5541800
2022-06-01,101.83999633789062,104.01000213623047,101.20999908447266,103.18000030517578,95.00403594970703,4086100
2022-06-02,102.55000305175781,104.05000305175781,101.6500015258789,103.0,94.83828735351562,3031400
2022-06-03,103.19999694824219,104.83999633789062,102.7699966430664,104.45999908447266,96.1825942993164,2940200
2022-06-06,104.87999725341797,106.95999908447266,104.70999908447266,106.0199966430664,97.61898040771484,3046000
2022-06-07,105.52999877929688,109.9800033569336,105.52999877929688,109.91999816894531,101.2099609375,3477600
2022-06-08,109.75,111.27999877929688,108.83999633789062,110.25,101.51380157470703,3611100
2022-06-09,109.7300033569336,110.4000015258789,108.19000244140625,108.2699966430664,99.69068908691406,2946100
2022-06-10,106.91000366210938,107.7699966430664,104.83999633789062,106.30999755859375,97.88601684570312,3015000
2022-06-13,103.30999755859375,104.19000244140625,100.05999755859375,101.44000244140625,93.40190887451172,4227500
2022-06-14,104.93000030517578,107.70999908447266,102.3499984741211,104.12999725341797,95.87876892089844,4522800
2022-06-15,104.19999694824219,105.05999755859375,100.12000274658203,102.37999725341797,94.26741790771484,4747200
2022-06-16,99.37000274658203,101.08000183105469,95.94000244140625,96.5,88.85334777832031,6847800
2022-06-17,96.94000244140625,97.37000274658203,90.2300033569336,90.51000213623047,83.33799743652344,14918000
2022-06-21,93.70999908447266,96.69999694824219,93.55000305175781,95.9800033569336,88.37455749511719,5764900
2022-06-22,92.0,94.02999877929688,90.4800033569336,90.51000213623047,83.33799743652344,5178900
2022-06-23,91.62999725341797,92.05000305175781,83.16000366210938,84.38999938964844,77.70294189453125,6160600
2022-06-24,86.2300033569336,86.5999984741211,83.91000366210938,84.19999694824219,77.52800750732422,5269800
2022-06-27,85.44999694824219,88.0999984741211,85.06999969482422,87.19999694824219,80.290283203125,3796200
2022-06-28,89.06999969482422,91.30000305175781,87.41999816894531,88.8499984741211,81.8095474243164,3791400
2022-06-29,90.27999877929688,90.7699966430664,84.22000122070312,84.58000183105469,77.87789154052734,4246300
2022-06-30,82.68000030517578,84.22000122070312,80.88999938964844,81.98999786376953,75.49312591552734,4829100
2022-07-01,82.37999725341797,84.70999908447266,80.6500015258789,84.37000274658203,77.68453979492188,4093300
2022-07-05,83.05999755859375,83.51000213623047,78.12999725341797,80.38999938964844,74.0198974609375,5205700
2022-07-06,79.9800033569336,80.87999725341797,76.66999816894531,79.52999877929688,73.2280502319336,4624400
2022-07-07,81.88999938964844,83.3499984741211,81.22000122070312,82.54000091552734,75.99954986572266,3711300
2022-07-08,83.56999969482422,83.7699966430664,80.83999633789062,82.01000213623047,75.51154327392578,2219400
2022-07-11,80.66999816894531,82.18000030517578,79.73999786376953,81.76000213623047,75.28135681152344,2444000
2022-07-12,79.47000122070312,81.12999725341797,79.02999877929688,80.51000213623047,74.1303939819336,2565200
2022-07-13,79.30000305175781,81.4000015258789,78.44999694824219,79.6500015258789,73.33855438232422,3591300
2022-07-14,77.1500015258789,78.58999633789062,75.75,78.55000305175781,72.3257064819336,4199000
2022-07-15,80.05000305175781,81.73999786376953,79.19999694824219,81.63999938964844,75.17085266113281,2792200
2022-07-18,83.54000091552734,84.31999969482422,82.33000183105469,82.75,76.1928939819336,2709600
2022-07-19,82.5,85.68000030517578,82.5,85.41000366210938,78.64212799072266,2767400
2022-07-20,85.30000305175781,87.30000305175781,84.62000274658203,86.8499984741211,79.968017578125,3590900
2022-07-21,84.44999694824219,85.30999755859375,81.52999877929688,85.20999908447266,78.45796966552734,3628000
2022-07-22,85.05999755859375,86.08000183105469,84.05999755859375,84.52999877929688,77.83185577392578,2706700
2022-07-25,85.73999786376953,87.44000244140625,84.70999908447266,87.23999786376953,80.32710266113281,2756600
2022-07-26,88.26000213623047,88.55000305175781,85.3499984741211,85.94999694824219,79.13933563232422,1870000
2022-07-27,86.5,88.80999755859375,85.54000091552734,88.33999633789062,81.33995056152344,2277100
2022-07-28,89.23999786376953,90.08000183105469,86.69999694824219,88.01000213623047,81.0361099243164,3257100
2022-07-29,88.31999969482422,89.47000122070312,86.76000213623047,89.0,81.94764709472656,4750400
2022-08-01,87.63999938964844,88.19999694824219,85.6500015258789,87.48999786376953,80.55730438232422,2910900
2022-08-02,87.62000274658203,88.77999877929688,86.18000030517578,87.54000091552734,80.60334014892578,2455900
2022-08-03,88.9800033569336,89.83999633789062,84.8499984741211,85.51000213623047,78.73420715332031,3539700
2022-08-04,84.9000015258789,85.05000305175781,82.44000244140625,82.6500015258789,76.10083770751953,2989700
2022-08-05,81.70999908447266,84.48999786376953,81.51000213623047,83.76000213623047,77.12287139892578,1796200
2022-08-08,84.0,84.80999755859375,83.2699966430664,83.80000305175781,77.15969848632812,1680200
2022-08-09,84.91000366210938,85.83999633789062,84.44000244140625,85.52999877929688,78.75260925292969,2062300
2022-08-10,86.11000061035156,86.3499984741211,83.66000366210938,85.62999725341797,78.84468841552734,2191600
2022-08-11,87.02999877929688,88.5999984741211,86.22000122070312,88.33000183105469,81.33074951171875,2803200
2022-08-12,87.88999938964844,90.04000091552734,87.6500015258789,90.0,82.86841583251953,2795200
2022-08-15,87.27999877929688,89.44999694824219,86.19999694824219,89.16000366210938,82.09498596191406,3082700
2022-08-16,89.58000183105469,91.0,88.30999755859375,89.36000061035156,82.27912902832031,3420100
2022-08-17,87.45999908447266,90.54000091552734,87.08000183105469,89.87000274658203,83.65680694580078,3063900
2022-08-18,90.29000091552734,90.58000183105469,86.66000366210938,88.69000244140625,82.55839538574219,5466000
2022-08-19,88.54000091552734,89.26000213623047,87.86000061035156,88.44000244140625,82.32566833496094,3167500
2022-08-22,87.76000213623047,89.44000244140625,86.27999877929688,88.2300033569336,82.13018798828125,2694600
2022-08-23,89.0999984741211,91.69999694824219,88.91000366210938,91.41000366210938,85.09033966064453,3128000
2022-08-24,91.41000366210938,92.69999694824219,90.88999938964844,92.37000274658203,85.98397064208984,3200700
2022-08-25,92.6500015258789,94.2300033569336,92.41999816894531,93.80999755859375,87.32440948486328,2766000
2022-08-26,94.11000061035156,94.75,92.13999938964844,92.18000030517578,85.80709075927734,2750000
2022-08-29,92.16999816894531,94.41999816894531,91.80999755859375,93.19999694824219,86.75658416748047,2576400
2022-08-30,91.94000244140625,91.9800033569336,89.33999633789062,90.1500015258789,83.91744995117188,2836400
2022-08-31,87.81999969482422,91.08999633789062,87.55999755859375,89.45999908447266,83.27513885498047,2841700
2022-09-01,87.76000213623047,88.37999725341797,84.4000015258789,86.33000183105469,80.36154174804688,4004200
2022-09-02,88.27999877929688,89.91000366210938,87.69999694824219,88.45999908447266,82.34427642822266,2641600
2022-09-06,89.19000244140625,89.22000122070312,86.4000015258789,86.76000213623047,80.7618179321289,2556200
2022-09-07,85.08000183105469,86.76000213623047,84.02999877929688,86.31999969482422,80.35223388671875,2633200
2022-09-08,86.68000030517578,86.9000015258789,85.0,85.93000030517578,79.98919677734375,2477400
2022-09-09,87.44000244140625,88.41000366210938,86.94999694824219,88.02999877929688,81.94400787353516,2474400
2022-09-12,89.2300033569336,91.06999969482422,88.83999633789062,89.55999755859375,83.36823272705078,2454500
2022-09-13,87.98999786376953,89.41999816894531,86.01000213623047,86.16000366210938,80.20330047607422,3004000
2022-09-14,86.83000183105469,88.86000061035156,84.91000366210938,86.0,80.05435180664062,3872100
2022-09-15,84.06999969482422,84.29000091552734,81.16000366210938,81.87000274658203,76.20988464355469,5077600
2022-09-16,81.94000244140625,81.94000244140625,79.01000213623047,80.7300033569336,75.1487045288086,6839900
2022-09-19,78.58999633789062,82.1500015258789,78.55000305175781,81.93000030517578,76.26573181152344,3124400
2022-09-20,81.12999725341797,83.8499984741211,80.8499984741211,83.22000122070312,77.46654510498047,3482700
2022-09-21,84.8499984741211,84.91000366210938,81.19999694824219,81.2699966430664,75.6513671875,2872300
2022-09-22,82.19999694824219,83.38999938964844,81.13999938964844,82.2699966430664,76.58222961425781,2963900
2022-09-23,79.38999938964844,79.45999908447266,75.54000091552734,75.98999786376953,70.73639678955078,5632400
2022-09-26,75.0,76.63999938964844,74.0199966430664,74.16000366210938,69.03292083740234,4717500
2022-09-27,75.54000091552734,77.44000244140625,75.38999938964844,76.22000122070312,70.95050811767578,4147800
2022-09-28,76.36000061035156,81.58000183105469,76.22000122070312,81.4000015258789,75.77239227294922,5401100
2022-09-29,80.7300033569336,81.41000366210938,79.33999633789062,80.62999725341797,75.05561065673828,3118000
2022-09-30,79.81999969482422,81.43000030517578,79.37000274658203,80.72000122070312,75.13938903808594,3259300
2022-10-03,83.62999725341797,85.2699966430664,82.31999969482422,84.58000183105469,78.73252868652344,3891800
2022-10-04,86.4800033569336,90.44999694824219,85.48999786376953,90.36000061035156,84.1129379272461,5402400
2022-10-05,89.5999984741211,93.80000305175781,89.44999694824219,92.61000061035156,86.20738220214844,5443400
2022-10-06,91.91000366210938,93.77999877929688,91.55000305175781,93.36000061035156,86.905517578125,3237500
2022-10-07,93.9000015258789,94.5,91.86000061035156,92.5,86.10497283935547,3283500
2022-10-10,93.16000366210938,93.87999725341797,90.80000305175781,91.11000061035156,84.81108093261719,2786000
2022-10-11,90.12000274658203,91.97000122070312,88.63999938964844,90.33999633789062,84.09431457519531,2939500
2022-10-12,89.88999938964844,93.7300033569336,89.02999877929688,92.94000244140625,86.51455688476562,2838800
2022-10-13,91.95999908447266,97.9000015258789,91.80999755859375,96.9000015258789,90.20077514648438,3690000
2022-10-14,96.5,97.5,93.91999816894531,94.0999984741211,87.59436798095703,3905200
2022-10-17,95.7699966430664,97.98999786376953,94.54000091552734,95.45999908447266,88.86034393310547,3667600
2022-10-18,95.95999908447266,97.30000305175781,93.97000122070312,96.11000061035156,89.46539306640625,2756500
2022-10-19,96.45999908447266,98.86000061035156,95.5999984741211,97.94999694824219,91.17819213867188,3343500
2022-10-20,98.7699966430664,99.9000015258789,97.47000122070312,97.73999786376953,90.98271179199219,3033400
2022-10-21,98.26000213623047,100.68000030517578,97.76000213623047,100.44000244140625,93.49604034423828,3260100
2022-10-24,100.30000305175781,101.4000015258789,99.91999816894531,100.4000015258789,93.45881652832031,1996100
2022-10-25,99.6500015258789,100.7300033569336,98.5999984741211,100.22000122070312,93.29124450683594,2627300
2022-10-26,100.68000030517578,102.9800033569336,100.38999938964844,102.26000213623047,95.19022369384766,3171700
2022-10-27,104.0,105.95999908447266,103.44999694824219,103.55999755859375,96.40033721923828,3394200
2022-10-28,104.5199966430664,106.05999755859375,102.69999694824219,104.19999694824219,96.99609375,3561000
2022-10-31,102.66999816894531,105.33999633789062,102.66999816894531,104.29000091552734,97.07987976074219,3581600
2022-11-01,107.0,109.9800033569336,106.33000183105469,107.37999725341797,99.95624542236328,5810800
2022-11-02,106.70999908447266,106.87999725341797,103.01000213623047,103.23999786376953,96.10245513916016,3682200
2022-11-03,102.56999969482422,103.94000244140625,101.55999755859375,103.12000274658203,95.99076080322266,3073700
2022-11-04,105.13999938964844,105.81999969482422,102.38999938964844,103.4800033569336,96.32586669921875,3059200
2022-11-07,103.87000274658203,105.94999694824219,103.87000274658203,105.43000030517578,98.14105987548828,3226700
2022-11-08,105.2699966430664,105.73999786376953,103.62000274658203,105.11000061035156,97.84317779541016,2488600
2022-11-09,106.58999633789062,108.51000213623047,103.2300033569336,104.08999633789062,96.8936996459961,4702300
2022-11-10,106.16999816894531,106.4000015258789,104.30999755859375,106.23999786376953,98.89505767822266,3457300
2022-11-11,107.45999908447266,112.72000122070312,107.45999908447266,111.30000305175781,103.60523986816406,5586800
2022-11-14,111.0,113.52999877929688,110.2300033569336,110.26000213623047,102.63713073730469,3977400
2022-11-15,110.70999908447266,111.69000244140625,109.30999755859375,111.11000061035156,103.4283676147461,3785700
2022-11-16,108.87999725341797,110.5999984741211,107.38999938964844,107.68000030517578,101.1182861328125,3021700
2022-11-17,106.02999877929688,109.87000274658203,105.80000305175781,109.7300033569336,103.04336547851562,2446000
2022-11-18,107.97000122070312,109.30000305175781,106.88999938964844,108.98999786376953,102.34845733642578,3696400
2022-11-21,107.48999786376953,109.2699966430664,105.9000015258789,109.02999877929688,102.3860092163086,3047200
2022-11-22,110.83000183105469,112.8499984741211,110.55000305175781,112.29000091552734,105.44735717773438,3494100
2022-11-23,110.4800033569336,111.83999633789062,109.44999694824219,110.70999908447266,103.96363067626953,2662300
2022-11-25,111.04000091552734,111.80999755859375,110.3499984741211,110.77999877929688,104.02937316894531,1409400
2022-11-28,108.25,110.08999633789062,107.5999984741211,107.81999969482422,101.24974060058594,3598700
2022-11-29,109.12000274658203,110.31999969482422,108.41000366210938,108.97000122070312,102.32968139648438,3854100
2022-11-30,110.16000366210938,110.37000274658203,107.0,108.44000244140625,101.83197021484375,3987300
2022-12-01,109.08000183105469,109.66999816894531,106.86000061035156,108.04000091552734,101.45634460449219,3214200
2022-12-02,107.19999694824219,108.69999694824219,106.05000305175781,106.66000366210938,100.16043853759766,2676000
2022-12-05,107.80000305175781,108.16999816894531,103.19999694824219,104.1500015258789,97.80338287353516,3015200
2022-12-06,103.3499984741211,105.36000061035156,101.95999908447266,103.08000183105469,96.79859924316406,3627000
2022-12-07,102.75,104.95999908447266,101.91999816894531,103.01000213623047,96.73285675048828,2817100
2022-12-08,104.62999725341797,104.75,100.47000122070312,100.9000015258789,94.7514419555664,2899700
2022-12-09,100.45999908447266,101.25,97.94000244140625,98.0,92.02816009521484,3212200
2022-12-12,98.66999816894531,102.1500015258789,98.0199966430664,102.06999969482422,95.85013580322266,3692400
2022-12-13,103.97000122070312,104.33000183105469,101.73999786376953,102.12999725341797,95.90647888183594,2984000
2022-12-14,102.19999694824219,103.16999816894531,101.05000305175781,101.27999877929688,95.10826873779297,2646800
2022-12-15,100.75,101.52999877929688,99.68000030517578,101.47000122070312,95.28670501708984,2445400
2022-12-16,99.75,100.94999694824219,99.05999755859375,100.63999938964844,94.50727844238281,7235200
2022-12-19,101.30999755859375,102.38999938964844,99.56999969482422,100.61000061035156,94.47909545898438,2451200
2022-12-20,101.0,103.44999694824219,100.5999984741211,102.63999938964844,96.3853988647461,2442300
2022-12-21,104.23999786376953,104.66000366210938,102.2699966430664,103.3499984741211,97.05213928222656,2471800
2022-12-22,103.4000015258789,103.48999786376953,98.97000122070312,100.52999877929688,94.40398406982422,2287700
2022-12-23,101.05000305175781,104.0199966430664,101.05000305175781,103.94000244140625,97.60618591308594,2216300
2022-12-27,104.56999969482422,104.79000091552734,103.69000244140625,104.58000183105469,98.20718383789062,2474900
2022-12-28,104.4000015258789,104.72000122070312,101.98999786376953,102.1500015258789,95.92526245117188,1910700
2022-12-29,102.0,104.30000305175781,101.66999816894531,104.11000061035156,97.76582336425781,1827300
2022-12-30,103.83999633789062,104.87999725341797,103.51000213623047,104.08000183105469,97.7376480102539,2088900
2023-01-03,103.4000015258789,104.47000122070312,100.54000091552734,101.02999877929688,94.8735122680664,2877200
2023-01-04,99.55000305175781,102.0,99.37999725341797,100.68000030517578,94.54483032226562,2959100
2023-01-05,100.19999694824219,103.06999969482422,100.19999694824219,103.0199966430664,96.74223327636719,3348400
2023-01-06,104.22000122070312,106.33000183105469,103.81999969482422,105.69999694824219,99.2589340209961,3101300
2023-01-09,106.69999694824219,106.97000122070312,101.55999755859375,102.01000213623047,95.79378509521484,4707400
2023-01-10,102.44000244140625,103.44999694824219,100.56999969482422,101.56999969482422,95.380615234375,3259200
2023-01-11,102.47000122070312,102.7300033569336,100.52999877929688,101.41999816894531,95.23973846435547,3551100
2023-01-12,101.94000244140625,103.7699966430664,101.72000122070312,102.86000061035156,96.59199523925781,2231600
2023-01-13,102.86000061035156,103.37999725341797,101.5199966430664,103.02999877929688,96.75163269042969,2133200
2023-01-17,103.55000305175781,105.01000213623047,102.36000061035156,102.51000213623047,96.2633285522461,2600800
2023-01-18,103.22000122070312,105.51000213623047,102.30000305175781,102.70999908447266,96.4511489868164,2908000
2023-01-19,102.68000030517578,104.81999969482422,101.83000183105469,104.37999725341797,98.01937866210938,2696800
2023-01-20,104.80000305175781,107.23999786376953,103.83000183105469,106.95999908447266,100.44215393066406,2986400
2023-01-23,107.5,108.68000030517578,106.5999984741211,106.94000244140625,100.42337036132812,3070100
2023-01-24,106.94000244140625,107.26000213623047,104.36000061035156,107.01000213623047,100.4891128540039,2360500
2023-01-25,106.36000061035156,108.86000061035156,105.54000091552734,108.8499984741211,102.21697998046875,2889100
2023-01-26,109.55000305175781,111.66999816894531,108.27999877929688,111.48999786376953,104.69610595703125,2723600
2023-01-27,111.44000244140625,111.83999633789062,108.69999694824219,108.7300033569336,102.10429382324219,2506700
2023-01-30,108.37000274658203,108.93000030517578,105.88999938964844,106.41999816894531,99.93505096435547,3110000
2023-01-31,104.69999694824219,104.69999694824219,99.12999725341797,100.2699966430664,94.15982818603516,7890100
2023-02-01,99.80000305175781,101.58999633789062,97.02999877929688,97.98999786376953,92.01875305175781,4467800
2023-02-02,98.0,99.0,96.33999633789062,98.9800033569336,92.94843292236328,4668700
2023-02-03,99.27999877929688,100.61000061035156,98.51000213623047,98.80999755859375,92.7887954711914,3525100
2023-02-06,98.58000183105469,99.5,96.1500015258789,98.08000183105469,92.10326385498047,2666300
2023-02-07,98.86000061035156,102.37999725341797,98.48999786376953,102.27999877929688,96.04732513427734,3628400
2023-02-08,101.76000213623047,103.6500015258789,101.23999786376953,102.73999786376953,96.47930145263672,3683600
2023-02-09,103.16000366210938,104.27999877929688,101.91999816894531,102.11000061035156,95.88770294189453,2897400
2023-02-10,103.7300033569336,107.52999877929688,103.4800033569336,107.37999725341797,100.83656311035156,3003300
2023-02-13,107.0,108.30999755859375,105.75,108.26000213623047,101.6629409790039,2608800
2023-02-14,107.5,108.83999633789062,107.0999984741211,107.94999694824219,101.371826171875,2267500
2023-02-15,107.0,107.66000366210938,105.25,106.6500015258789,100.15104675292969,2626400
2023-02-16,106.47000122070312,107.30000305175781,104.81999969482422,104.91999816894531,98.52645874023438,2876500
2023-02-17,102.0199966430664,102.56999969482422,99.18000030517578,99.54000091552734,94.41921997070312,3537600
2023-02-21,98.93000030517578,100.69000244140625,98.48999786376953,99.6500015258789,94.5235595703125,2569200
2023-02-22,99.31999969482422,100.80999755859375,98.52999877929688,99.47000122070312,94.35282135009766,2087700
2023-02-23,101.05000305175781,101.5,99.12000274658203,100.3499984741211,95.18753814697266,2738000
2023-02-24,99.0999984741211,102.01000213623047,98.0999984741211,102.0,96.75267791748047,3005800
2023-02-27,102.43000030517578,104.33000183105469,102.01000213623047,103.6500015258789,98.31777954101562,2699500
2023-02-28,104.62999725341797,104.87999725341797,101.87000274658203,102.55999755859375,97.28385162353516,4104500
2023-03-01,103.0,107.44999694824219,102.62000274658203,107.23999786376953,101.72309875488281,4581100
2023-03-02,106.5,107.3499984741211,104.3499984741211,105.80999755859375,100.36666107177734,4644000
2023-03-03,104.95999908447266,106.63999938964844,104.1500015258789,106.0199966430664,100.56585693359375,3755700
2023-03-06,105.08000183105469,105.08000183105469,102.80999755859375,103.9800033569336,98.63081359863281,4000200
2023-03-07,103.73999786376953,103.97000122070312,101.23999786376953,101.79000091552734,96.55347442626953,3119900
2023-03-08,101.83000183105469,102.66000366210938,98.36000061035156,99.30999755859375,94.2010498046875,3876200
2023-03-09,100.31999969482422,104.06999969482422,100.05000305175781,101.13999938964844,95.9369125366211,5194700
2023-03-10,101.41000366210938,103.91999816894531,100.58999633789062,101.22000122070312,96.0127944946289,4367100
2023-03-13,98.16000366210938,98.31999969482422,95.08000183105469,95.5199966430664,90.60601806640625,6037700
2023-03-14,96.37999725341797,100.4000015258789,95.75,97.94999694824219,92.91100311279297,3521200
2023-03-15,94.58000183105469,95.0,92.5999984741211,93.6500015258789,88.83222198486328,6810300
2023-03-16,91.4800033569336,95.30999755859375,91.36000061035156,95.05000305175781,90.16020965576172,5801500
2023-03-17,95.2699966430664,96.44999694824219,93.4800033569336,94.72000122070312,89.8471908569336,10256800
2023-03-20,95.20999908447266,96.87000274658203,94.79000091552734,95.55000305175781,90.63448333740234,4692800
2023-03-21,97.4800033569336,98.30999755859375,95.12999725341797,95.55000305175781,90.63448333740234,7228900
2023-03-22,95.75,97.33999633789062,94.66999816894531,94.69000244140625,89.8187255859375,3012600
2023-03-23,95.23999786376953,96.56999969482422,92.69999694824219,93.54000091552734,88.72789001464844,2856300
2023-03-24,91.63999938964844,93.94000244140625,90.66000366210938,93.7300033569336,88.9081039428711,3718400
2023-03-27,95.20999908447266,96.87000274658203,93.73999786376953,96.2300033569336,91.27950286865234,3475300
2023-03-28,96.1500015258789,99.87000274658203,96.01000213623047,98.77999877929688,93.69831848144531,3350700
2023-03-29,99.75,101.08999633789062,99.25,100.27999877929688,95.12114715576172,3053600
2023-03-30,101.27999877929688,101.43000030517578,99.68000030517578,99.98999786376953,94.84607696533203,2336700
2023-03-31,99.87000274658203,101.44999694824219,99.16000366210938,101.37999725341797,96.16455841064453,3920500
2023-04-03,104.98999786376953,104.98999786376953,102.16999816894531,102.91000366210938,97.61585998535156,4212300
2023-04-04,102.36000061035156,102.91999816894531,97.51000213623047,98.27999877929688,93.22402954101562,4202300
2023-04-05,98.4000015258789,104.63999938964844,98.16000366210938,104.43000030517578,99.05764770507812,6353400
2023-04-06,104.80999755859375,105.33999633789062,102.45999908447266,102.83999633789062,97.5494613647461,3808300
2023-04-10,103.01000213623047,105.45999908447266,103.0,104.95999908447266,99.56038665771484,2887700
2023-04-11,105.80000305175781,107.33000183105469,105.16999816894531,106.45999908447266,100.98323059082031,2484100
2023-04-12,106.66999816894531,107.47000122070312,105.86000061035156,106.02999877929688,100.5753402709961,3192500
2023-04-13,105.58999633789062,106.3499984741211,104.73999786376953,106.2699966430664,100.80299377441406,2765300
2023-04-14,106.19000244140625,106.9000015258789,105.26000213623047,106.26000213623047,100.79351806640625,2111500
2023-04-17,105.87999725341797,106.19999694824219,103.45999908447266,103.91999816894531,98.57389831542969,3326700
2023-04-18,103.62999725341797,104.83999633789062,103.1500015258789,104.30999755859375,98.9438247680664,2932200
2023-04-19,104.30999755859375,104.4000015258789,100.79000091552734,103.05999755859375,97.75813293457031,3676700
2023-04-20,101.70999908447266,102.76000213623047,100.5999984741211,101.25,96.04124450683594,3784400
2023-04-21,101.16999816894531,101.94999694824219,99.4800033569336,100.1500015258789,94.99783325195312,3111000
2023-04-24,99.56999969482422,101.3499984741211,99.45999908447266,100.69000244140625,95.51005554199219,2897800
2023-04-25,99.56999969482422,100.27999877929688,99.05000305175781,99.31999969482422,94.21054077148438,2738500
2023-04-26,99.52999877929688,100.41000366210938,98.31999969482422,99.2699966430664,94.1631088256836,2716000
2023-04-27,99.11000061035156,99.47000122070312,96.33000183105469,97.73999786376953,92.7118148803711,3132800
2023-04-28,97.0199966430664,99.5999984741211,96.80999755859375,99.0,93.90699768066406,2710500
2023-05-01,98.19999694824219,99.58999633789062,97.58000183105469,98.4000015258789,93.3378677368164,2546600
2023-05-02,97.9000015258789,98.19000244140625,93.11000061035156,94.7300033569336,89.85667419433594,4207200
2023-05-03,93.94999694824219,98.0999984741211,93.04000091552734,95.94999694824219,91.01390075683594,6286000
2023-05-04,95.76000213623047,95.94000244140625,91.86000061035156,92.30999755859375,87.5611572265625,4619500
2023-05-05,94.20999908447266,94.86000061035156,93.23999786376953,93.44000244140625,88.6330337524414,2720800
2023-05-08,94.81999969482422,95.30000305175781,93.79000091552734,93.95999908447266,89.12628173828125,3352800
2023-05-09,93.30000305175781,95.12000274658203,93.08999633789062,93.9800033569336,89.14524841308594,3274100
2023-05-10,94.33999633789062,94.91999816894531,93.05000305175781,94.2300033569336,89.38238525390625,3323800
2023-05-11,92.77999877929688,93.88999938964844,92.3499984741211,93.4000015258789,88.5950927734375,3428400
2023-05-12,94.29000091552734,94.75,92.70999908447266,93.22000122070312,88.42436218261719,2776300
2023-05-15,93.25,94.79000091552734,92.54000091552734,94.22000122070312,89.37289428710938,3344000
2023-05-16,94.1500015258789,94.58000183105469,91.41999816894531,91.88999938964844,87.16275787353516,4389600
2023-05-17,93.22000122070312,94.9800033569336,92.30999755859375,94.79000091552734,89.91358184814453,3408600
2023-05-18,94.38999938964844,96.52999877929688,93.73999786376953,96.27999877929688,91.3269271850586,4405000
2023-05-19,95.51000213623047,95.91999816894531,94.44999694824219,94.94000244140625,91.04881286621094,3203600
2023-05-22,95.05999755859375,96.44999694824219,94.94999694824219,95.55999755859375,91.64339447021484,2398100
2023-05-23,96.43000030517578,97.76000213623047,95.41000366210938,95.63999938964844,91.72012329101562,3113600
2023-05-24,96.12999725341797,96.88999938964844,95.44999694824219,96.55999755859375,92.60240936279297,2780400
2023-05-25,95.4000015258789,95.48999786376953,93.3499984741211,95.13999938964844,91.24061584472656,3091700
2023-05-26,95.87000274658203,96.01000213623047,94.3499984741211,94.91000366210938,91.0200424194336,2440600
2023-05-30,93.5199966430664,93.80000305175781,92.18000030517578,93.58999633789062,89.75414276123047,2943500
2023-05-31,91.98999786376953,92.7300033569336,91.30000305175781,91.61000061035156,87.85530090332031,4851700
2023-06-01,92.87999725341797,94.41999816894531,92.56999969482422,93.05000305175781,89.23628234863281,3100900
2023-06-02,94.75,97.16999816894531,94.23999786376953,97.02999877929688,93.05314636230469,4658500
2023-06-05,98.05999755859375,98.05999755859375,95.0999984741211,96.0199966430664,92.08453369140625,2996100
2023-06-06,94.66000366210938,97.16999816894531,94.5199966430664,96.81999969482422,92.85175323486328,2888000
2023-06-07,97.30000305175781,101.19999694824219,97.12999725341797,101.05000305175781,96.90839385986328,3871100
2023-06-08,101.0,101.5,98.75,99.13999938964844,95.07666778564453,3653600
2023-06-09,99.41999816894531,99.5999984741211,97.43000030517578,98.76000213623047,94.71224975585938,3247700
2023-06-12,97.12000274658203,98.81999969482422,96.63999938964844,96.77999877929688,92.81340026855469,2883900
2023-06-13,98.08999633789062,99.25,96.79000091552734,96.87999725341797,92.9093017578125,2733400
2023-06-14,97.83999633789062,98.27999877929688,94.8499984741211,95.69999694824219,91.77766418457031,2297500
2023-06-15,95.68000030517578,97.25,95.36000061035156,97.0199966430664,93.04356384277344,2123000
2023-06-16,97.52999877929688,97.83999633789062,96.66999816894531,97.12999725341797,93.14905548095703,4964900
2023-06-20,96.68000030517578,96.77999877929688,93.47000122070312,93.4800033569336,89.6486587524414,3273300
2023-06-21,93.0,94.95999908447266,92.6500015258789,93.27999877929688,89.45684814453125,2902800
2023-06-22,92.45999908447266,93.16999816894531,90.69000244140625,90.80999755859375,87.08808135986328,3515500
2023-06-23,90.0,91.38999938964844,89.73999786376953,90.86000061035156,87.13603973388672,4192000
2023-06-26,91.06999969482422,92.33999633789062,90.87000274658203,91.5199966430664,87.76898193359375,2846000
2023-06-27,91.58999633789062,93.02999877929688,91.18000030517578,92.56999969482422,88.77594757080078,3763800
2023-06-28,92.66999816894531,94.01000213623047,91.77999877929688,93.4000015258789,89.57193756103516,2574100
2023-06-29,93.69000244140625,94.66999816894531,93.4000015258789,94.52999877929688,90.65560913085938,2254400
2023-06-30,95.06999969482422,95.87999725341797,94.2699966430664,95.37999725341797,91.47077941894531,2573100
2023-07-03,95.6500015258789,96.63999938964844,95.4000015258789,95.66000366210938,91.73931121826172,1348800
2023-07-05,95.6500015258789,96.30999755859375,94.54000091552734,96.12999725341797,92.19003295898438,3854700
2023-07-06,95.4000015258789,96.19999694824219,94.5199966430664,95.4000015258789,91.48995971679688,4692900
2023-07-07,95.76000213623047,100.30000305175781,95.5199966430664,99.44000244140625,95.3643798828125,5338700
2023-07-10,99.5199966430664,101.2699966430664,99.45999908447266,100.33000183105469,96.21790313720703,3785200
2023-07-11,99.86000061035156,101.69000244140625,99.80000305175781,101.5199966430664,97.35912322998047,3060700
2023-07-12,102.30999755859375,103.16000366210938,101.52999877929688,101.95999908447266,97.78108978271484,2374100
2023-07-13,102.29000091552734,103.93000030517578,101.61000061035156,102.58000183105469,98.37568664550781,2886300
2023-07-14,102.05999755859375,102.22000122070312,98.6500015258789,100.45999908447266,96.34256744384766,2865000
2023-07-17,100.0,100.8499984741211,99.01000213623047,99.04000091552734,94.98076629638672,3078300
2023-07-18,99.02999877929688,102.04000091552734,98.88999938964844,101.16000366210938,97.01388549804688,2367500
2023-07-19,101.16000366210938,103.51000213623047,101.12999725341797,102.45999908447266,98.26060485839844,3052100
2023-07-20,103.18000030517578,104.55000305175781,103.12000274658203,104.05000305175781,99.78543853759766,2520300
2023-07-21,104.41999816894531,105.95999908447266,104.06999969482422,105.7300033569336,101.3965835571289,2711700
2023-07-24,106.0,108.16000366210938,105.80000305175781,106.8499984741211,102.4706802368164,3691800
2023-07-25,106.51000213623047,108.45999908447266,105.55999755859375,107.70999908447266,103.29542541503906,2744600
2023-07-26,106.94999694824219,109.94000244140625,106.83000183105469,109.58999633789062,105.0983657836914,2687600
2023-07-27,109.9800033569336,110.8499984741211,108.80000305175781,108.88999938964844,104.42705535888672,2925800
2023-07-28,109.4800033569336,110.68000030517578,109.08000183105469,110.3499984741211,105.82721710205078,2141100
2023-07-31,110.72000122070312,111.56999969482422,110.5999984741211,111.55000305175781,106.97804260253906,3800800
2023-08-01,111.19000244140625,112.44999694824219,110.6500015258789,112.11000061035156,107.51509857177734,2694200
2023-08-02,111.16000366210938,113.23999786376953,108.0999984741211,108.98999786376953,104.52296447753906,4886000
2023-08-03,109.54000091552734,110.76000213623047,107.41000366210938,110.41000366210938,105.88477325439453,3510700
2023-08-04,111.58000183105469,113.18000030517578,110.44999694824219,110.4800033569336,105.95189666748047,2650300
2023-08-07,111.08000183105469,112.81999969482422,111.04000091552734,111.44000244140625,106.87255096435547,2982000
2023-08-08,109.91999816894531,113.44000244140625,108.97000122070312,112.68000030517578,108.06172180175781,2865000
2023-08-09,113.30000305175781,115.79000091552734,113.01000213623047,114.41999816894531,109.73041534423828,3864800
2023-08-10,114.97000122070312,116.19000244140625,114.26000213623047,114.66999816894531,109.97016143798828,2587700
2023-08-11,115.04000091552734,117.29000091552734,115.04000091552734,116.63999938964844,111.85942840576172,2557800
2023-08-14,116.47000122070312,116.95999908447266,114.30000305175781,114.66999816894531,109.97016143798828,3043900
2023-08-15,112.73999786376953,114.54000091552734,112.4800033569336,113.43000030517578,108.7809829711914,5087600
2023-08-16,114.0,115.29000091552734,113.22000122070312,113.2699966430664,108.62753295898438,3904400
2023-08-17,113.7300033569336,115.77999877929688,113.4800033569336,113.58999633789062,109.95367431640625,4704400
2023-08-18,112.61000061035156,114.77999877929688,112.61000061035156,114.23999786376953,110.58287811279297,4895500
2023-08-21,114.9000015258789,115.38999938964844,112.22000122070312,113.33000183105469,109.70201873779297,2662600
2023-08-22,113.69999694824219,114.22000122070312,112.62000274658203,112.94000244140625,109.32450103759766,2220800
2023-08-23,111.93000030517578,112.44000244140625,110.16000366210938,112.26000213623047,108.66626739501953,2027400
2023-08-24,111.62000274658203,113.22000122070312,111.55000305175781,112.38999938964844,108.79210662841797,1713600
2023-08-25,112.79000091552734,114.45999908447266,111.75,113.88999938964844,110.24407196044922,2262100
2023-08-28,113.26000213623047,114.77999877929688,112.62000274658203,113.12999725341797,109.50841522216797,1702200
2023-08-29,113.18000030517578,113.5199966430664,112.02999877929688,112.69000244140625,109.08250427246094,1933200
2023-08-30,112.8499984741211,114.0,112.75,113.6500015258789,110.01176452636719,2113400
2023-08-31,113.69999694824219,114.61000061035156,112.06999969482422,114.16000366210938,110.50543975830078,3086400
2023-09-01,116.12999725341797,117.30999755859375,115.0999984741211,117.16999816894531,113.41908264160156,2785800
2023-09-05,117.69999694824219,118.7699966430664,116.70999908447266,116.73999786376953,113.00284576416016,2327000
2023-09-06,116.87000274658203,117.98999786376953,115.61000061035156,116.63999938964844,112.90604400634766,1764200
2023-09-07,117.25,118.98999786376953,116.7699966430664,118.75,114.9485092163086,3348800
2023-09-08,119.87000274658203,123.55999755859375,119.43000030517578,122.2300033569336,118.31710052490234,4711200
2023-09-11,122.9000015258789,124.05999755859375,121.27999877929688,122.33999633789062,118.42356872558594,3105400
2023-09-12,122.87999725341797,124.83000183105469,122.5999984741211,124.27999877929688,120.30147552490234,4229600
2023-09-13,124.75,125.19000244140625,122.38999938964844,123.16999816894531,119.22700500488281,2779400
2023-09-14,123.91000366210938,124.0,122.69999694824219,122.97000122070312,119.03340911865234,2526300
2023-09-15,121.97000122070312,122.47000122070312,120.33999633789062,121.02999877929688,117.15550994873047,9304500
2023-09-18,122.52999877929688,123.91000366210938,121.0,122.44999694824219,118.5300521850586,2237500
2023-09-19,123.4000015258789,123.4800033569336,119.06999969482422,120.22000122070312,116.37144470214844,2970100
2023-09-20,119.72000122070312,121.80000305175781,119.55000305175781,120.06999969482422,116.22624206542969,2491400
2023-09-21,122.41999816894531,123.83999633789062,119.69000244140625,119.94000244140625,116.10041046142578,2730800
2023-09-22,120.5,121.69999694824219,118.5199966430664,118.58000183105469,114.78395080566406,2426300
2023-09-25,118.5,120.63999938964844,118.45999908447266,120.26000213623047,116.41016387939453,2499100
2023-09-26,119.19999694824219,120.27999877929688,118.5999984741211,119.41999816894531,115.59705352783203,2350800
2023-09-27,120.45999908447266,121.54000091552734,119.7300033569336,120.80000305175781,116.9328842163086,2793800
2023-09-28,120.48999786376953,123.47000122070312,120.38999938964844,123.37999725341797,119.43028259277344,3294300
2023-09-29,123.44000244140625,123.44000244140625,119.4800033569336,120.1500015258789,116.30368041992188,2841900
2023-10-02,120.08999633789062,120.30000305175781,118.19000244140625,119.0199966430664,115.20985412597656,2445800
2023-10-03,118.0,118.54000091552734,114.12999725341797,115.62999725341797,111.92837524414062,2988400
2023-10-04,113.16000366210938,113.30000305175781,108.66000366210938,110.48999786376953,106.95291900634766,4464100
2023-10-05,108.77999877929688,111.16999816894531,108.58999633789062,109.4800033569336,105.97525787353516,3206000
2023-10-06,110.51000213623047,110.81999969482422,108.19999694824219,109.19000244140625,105.69454956054688,2625100
2023-10-09,111.05999755859375,111.66000366210938,109.33999633789062,111.20999908447266,107.6498794555664,2769800
2023-10-10,110.86000061035156,112.98999786376953,110.33999633789062,112.38999938964844,108.79210662841797,2662300
2023-10-11,111.41999816894531,112.48999786376953,110.16000366210938,112.12999725341797,108.54042053222656,2035900
2023-10-12,112.91999816894531,113.0,109.88999938964844,110.75,107.20460510253906,1976800
2023-10-13,112.45999908447266,112.73999786376953,110.4800033569336,110.5999984741211,107.05939483642578,3393200
2023-10-16,111.5,112.66000366210938,111.06999969482422,111.77999877929688,108.20162200927734,2750200
2023-10-17,111.68000030517578,113.9800033569336,111.68000030517578,113.91000366210938,110.2634506225586,2471900
2023-10-18,114.19000244140625,116.7699966430664,113.9800033569336,116.25,112.52853393554688,3249700
2023-10-19,116.1500015258789,116.36000061035156,114.62999725341797,115.19000244140625,111.50247192382812,2091400
2023-10-20,115.3499984741211,116.02999877929688,113.1500015258789,113.54000091552734,109.90528869628906,2667200
2023-10-23,113.30999755859375,113.58999633789062,112.0199966430664,113.05000305175781,109.43097686767578,2463500
2023-10-24,113.52999877929688,113.69999694824219,111.88999938964844,111.93000030517578,108.34683227539062,2331600
2023-10-25,112.12999725341797,112.88999938964844,110.47000122070312,110.73999786376953,107.1949234008789,2581100
2023-10-26,109.86000061035156,110.54000091552734,108.08999633789062,110.0999984741211,106.57540893554688,3517900
2023-10-27,111.13999938964844,112.05999755859375,107.8499984741211,110.93000030517578,107.37883758544922,5214900
2023-10-30,112.22000122070312,113.51000213623047,109.86000061035156,112.44000244140625,108.84049987792969,3194600
2023-10-31,114.43000030517578,115.2300033569336,112.41999816894531,114.06999969482422,110.41831970214844,3618600
2023-11-01,114.8499984741211,117.08999633789062,113.73999786376953,116.08999633789062,112.3736572265625,3343100
2023-11-02,116.16000366210938,118.5199966430664,116.0,118.12000274658203,114.33866882324219,2566900
2023-11-03,117.76000213623047,118.33999633789062,115.2699966430664,116.79000091552734,113.0512466430664,2525000
2023-11-06,117.23999786376953,118.11000061035156,116.33999633789062,116.8499984741211,113.10932922363281,2484500
2023-11-07,115.33000183105469,115.47000122070312,113.20999908447266,113.86000061035156,110.21504211425781,2180700
2023-11-08,113.05000305175781,113.88999938964844,111.62000274658203,111.80999755859375,108.23066711425781,2898600
2023-11-09,111.80999755859375,112.93000030517578,110.54000091552734,110.62999725341797,107.08843994140625,1802200
2023-11-10,112.0,113.58999633789062,111.73999786376953,113.44000244140625,109.8084945678711,2429400
2023-11-13,113.5,114.63999938964844,113.25,114.1500015258789,110.49576568603516,1487900
2023-11-14,114.30999755859375,115.54000091552734,114.16000366210938,115.0199966430664,111.3379135131836,2407900
2023-11-15,114.55999755859375,116.91999816894531,114.25,115.48999786376953,111.79286193847656,3203500
2023-11-16,113.44000244140625,114.73999786376953,111.9000015258789,113.52999877929688,110.9039077758789,4559600
2023-11-17,114.16999816894531,117.37999725341797,114.16999816894531,116.37000274658203,113.67822265625,3354300
2023-11-20,116.58000183105469,119.0199966430664,116.58000183105469,118.11000061035156,115.37796783447266,2876700
2023-11-21,117.5,118.13999938964844,116.43000030517578,117.41000366210938,114.69416809082031,2039400
2023-11-22,115.88999938964844,118.20999908447266,114.94000244140625,118.01000213623047,115.28028106689453,2212000
2023-11-24,118.30000305175781,120.04000091552734,118.0,118.62999725341797,115.88594055175781,1173600
2023-11-27,118.2300033569336,118.87000274658203,117.31999969482422,118.33000183105469,115.59288787841797,2447200
2023-11-28,118.55000305175781,119.2300033569336,117.73999786376953,118.0,115.27051544189453,1926400
2023-11-29,123.0,123.87000274658203,121.30000305175781,122.22000122070312,119.39289855957031,6873900
2023-11-30,122.72000122070312,129.75,122.41000366210938,128.88999938964844,125.90861511230469,9147400
2023-12-01,128.5,131.25999450683594,127.75,129.6999969482422,126.69987487792969,4756200
2023-12-04,128.91000366210938,131.3699951171875,127.9000015258789,128.44000244140625,125.46902465820312,4842900
2023-12-05,128.60000610351562,130.5800018310547,127.51000213623047,127.69999694824219,124.74613952636719,3484500
2023-12-06,126.83999633789062,127.86000061035156,124.62999725341797,125.0,122.10858917236328,2952000
2023-12-07,125.94000244140625,126.73999786376953,124.06999969482422,124.62000274658203,121.73738098144531,3702200
2023-12-08,125.41999816894531,126.4000015258789,123.29000091552734,125.31999969482422,122.42119598388672,4102700
2023-12-11,125.04000091552734,127.36000061035156,124.76000213623047,126.41000366210938,123.48597717285156,2976800
2023-12-12,125.08000183105469,125.5,123.87000274658203,125.22000122070312,122.32350158691406,3484900
2023-12-13,125.01000213623047,127.41999816894531,123.37999725341797,127.16000366210938,124.21863555908203,3054600
2023-12-14,128.0,130.3699951171875,126.26000213623047,130.11000061035156,127.10039520263672,4260100
2023-12-15,127.94000244140625,130.17999267578125,127.72000122070312,129.8699951171875,126.86593627929688,9648400
2023-12-18,131.30999755859375,133.02000427246094,130.72999572753906,131.3000030517578,128.2628631591797,2987700
2023-12-19,131.52000427246094,133.8300018310547,131.4199981689453,133.8000030517578,130.70504760742188,2873100
2023-12-20,134.2899932861328,136.69000244140625,133.8300018310547,134.07000732421875,130.96881103515625,3365700
2023-12-21,134.33999633789062,135.33999633789062,133.27999877929688,134.2899932861328,131.18370056152344,3235100
2023-12-22,135.6300048828125,135.82000732421875,133.9199981689453,134.05999755859375,130.9590301513672,1401900
2023-12-26,135.10000610351562,136.08999633789062,134.52000427246094,135.72000122070312,132.58062744140625,1542400
2023-12-27,135.2100067138672,135.99000549316406,134.2100067138672,134.6999969482422,131.58421325683594,1799000
2023-12-28,134.10000610351562,134.69000244140625,132.7899932861328,132.83999633789062,129.76724243164062,1827500
2023-12-29,133.33999633789062,133.89999389648438,132.69000244140625,133.13999938964844,130.060302734375,2023900
2024-01-02,133.5,135.25,133.25,134.2899932861328,131.18370056152344,2500300
2024-01-03,134.00999450683594,136.4499969482422,134.00999450683594,135.75,132.6099395751953,3094700
2024-01-04,136.38999938964844,138.05999755859375,134.88999938964844,135.27999877929688,132.1508026123047,3125200
2024-01-05,136.35000610351562,137.4199981689453,134.66000366210938,135.24000549316406,132.1117401123047,3126500
2024-01-08,133.49000549316406,134.19000244140625,131.75,133.85000610351562,130.75390625,3636500
2024-01-09,133.7899932861328,133.7899932861328,131.8300018310547,133.2100067138672,130.12869262695312,2172600
2024-01-10,133.5500030517578,133.5500030517578,128.92999267578125,129.41000366210938,126.41659545898438,3619900
2024-01-11,129.94000244140625,130.9199981689453,129.2100067138672,130.27999877929688,127.26644897460938,3540000
2024-01-12,132.50999450683594,132.9499969482422,131.58999633789062,132.8699951171875,129.7965545654297,2908800
2024-01-16,133.0,133.52999877929688,129.08999633789062,129.47000122070312,126.4751968383789,3169400
2024-01-17,128.13999938964844,130.22000122070312,127.47000122070312,128.27000427246094,125.30296325683594,2437000
2024-01-18,128.47000122070312,128.47000122070312,126.62999725341797,127.66999816894531,124.71683502197266,2337300
2024-01-19,127.9800033569336,129.1199951171875,127.05999755859375,129.08999633789062,126.1039810180664,2880300
2024-01-22,128.89999389648438,129.9499969482422,128.0,129.66000366210938,126.66081237792969,2307900
2024-01-23,129.47999572753906,131.4199981689453,129.1199951171875,131.11000061035156,128.07725524902344,2309600
2024-01-24,131.97000122070312,133.6999969482422,131.6199951171875,133.6699981689453,130.5780487060547,2649200
2024-01-25,135.38999938964844,137.67999267578125,134.75999450683594,137.64999389648438,134.4659881591797,3167700
2024-01-26,137.64999389648438,140.27999877929688,137.1699981689453,140.22000122070312,136.97653198242188,3389100
2024-01-29,139.66000366210938,139.77999877929688,137.6999969482422,139.08999633789062,135.8726806640625,3099600
2024-01-30,137.8000030517578,142.5800018310547,137.10000610351562,142.41000366210938,139.11587524414062,3664500
2024-01-31,144.49000549316406,147.67999267578125,142.85000610351562,144.30999755859375,140.971923828125,8307900
2024-02-01,145.3300018310547,148.72000122070312,142.3800048828125,145.5500030517578,142.18325805664062,5090500
2024-02-02,145.91000366210938,147.7100067138672,143.97000122070312,145.47000122070312,142.1051025390625,3702200
2024-02-05,144.36000061035156,148.27000427246094,143.6999969482422,147.24000549316406,143.8341522216797,2899800
2024-02-06,148.0,149.52000427246094,145.85000610351562,145.91000366210938,142.53492736816406,3323300
2024-02-07,146.2899932861328,147.50999450683594,145.77000427246094,146.52999877929688,143.14056396484375,2607800
2024-02-08,146.67999267578125,147.92999267578125,145.67999267578125,146.82000732421875,143.4238739013672,4018700
2024-02-09,146.8300018310547,147.77999877929688,145.35000610351562,145.66000366210938,142.29071044921875,2889100
2024-02-12,146.27000427246094,146.2899932861328,144.24000549316406,144.4499969482422,141.1086883544922,3753800
2024-02-13,144.61000061035156,146.42999267578125,143.50999450683594,145.16000366210938,141.80227661132812,3226300
2024-02-14,146.2100067138672,146.52999877929688,143.05999755859375,145.2100067138672,141.8511199951172,3086700
2024-02-15,144.5,147.3800048828125,144.27999877929688,146.3699951171875,142.98426818847656,2810900
2024-02-16,145.3300018310547,145.42999267578125,143.2100067138672,143.80999755859375,141.49855041503906,2689700
2024-02-20,143.64999389648438,143.64999389648438,140.49000549316406,141.13999938964844,138.87147521972656,3483200
2024-02-21,141.4600067138672,143.9600067138672,141.4600067138672,143.5500030517578,141.2427215576172,2403100
2024-02-22,143.47999572753906,146.6699981689453,142.69000244140625,146.6199951171875,144.2633819580078,2633700
2024-02-23,145.9600067138672,147.66000366210938,145.27999877929688,147.11000061035156,144.74551391601562,2189700
2024-02-26,147.00999450683594,150.0800018310547,146.8000030517578,148.30999755859375,145.9262237548828,2584700
2024-02-27,148.63999938964844,149.1699981689453,144.9600067138672,145.33999633789062,143.0039520263672,2106200
2024-02-28,144.75,145.08999633789062,140.8699951171875,141.24000549316406,138.96986389160156,2594700
2024-02-29,141.24000549316406,143.44000244140625,140.9499969482422,142.50999450683594,140.21945190429688,3370200
2024-03-01,143.22999572753906,144.80999755859375,143.22000122070312,144.1999969482422,141.8822784423828,2063300
2024-03-04,143.30999755859375,145.99000549316406,143.0500030517578,144.25999450683594,141.94129943847656,3479200
2024-03-05,144.25999450683594,147.1300048828125,143.82000732421875,146.10000610351562,143.7517547607422,2886800
2024-03-06,147.1199951171875,148.13999938964844,145.1300048828125,146.77000427246094,144.41098022460938,3210200
2024-03-07,147.6699981689453,150.41000366210938,147.32000732421875,149.2100067138672,146.81175231933594,2947200
2024-03-08,148.8800048828125,150.77000427246094,148.3300018310547,149.33999633789062,146.9396514892578,2398500
2024-03-11,147.86000061035156,149.5,146.2100067138672,149.49000549316406,147.08726501464844,3230900
2024-03-12,149.5,151.4199981689453,148.42999267578125,150.3699951171875,147.95310974121094,2367700
2024-03-13,152.07000732421875,155.42999267578125,152.0,154.47000122070312,151.98721313476562,4028600
2024-03-14,155.83999633789062,156.85000610351562,153.4499969482422,154.3800048828125,151.89866638183594,3637300
2024-03-15,154.22000122070312,159.74000549316406,154.22000122070312,159.02999877929688,156.4739227294922,11725700
2024-03-18,159.41000366210938,159.60000610351562,156.30999755859375,156.75999450683594,154.2404022216797,3470600
2024-03-19,156.85000610351562,158.22000122070312,156.27999877929688,156.99000549316406,154.46670532226562,2877200
2024-03-20,156.17999267578125,159.1199951171875,155.52000427246094,158.75999450683594,156.20826721191406,2388900
2024-03-21,159.0,159.44000244140625,157.0,159.0800018310547,156.5231170654297,2488000
2024-03-22,159.42999267578125,159.8000030517578,158.10000610351562,159.4499969482422,156.8871612548828,2078500
2024-03-25,160.0,161.4199981689453,156.42999267578125,156.4600067138672,153.9452362060547,2306200
2024-03-26,156.6199951171875,157.6999969482422,155.88999938964844,156.60000610351562,154.08299255371094,2351200
2024-03-27,155.89999389648438,159.0,155.89999389648438,158.9600067138672,156.40504455566406,2211300
2024-03-28,159.33999633789062,163.7899932861328,158.83999633789062,163.33999633789062,160.7146453857422,3177300
2024-04-01,163.17999267578125,163.85000610351562,160.97000122070312,163.33999633789062,160.7146453857422,2214100
2024-04-02,164.3300018310547,169.6999969482422,164.07000732421875,169.49000549316406,166.76580810546875,2999400
2024-04-03,170.1999969482422,173.5500030517578,169.10000610351562,172.7100067138672,169.93405151367188,3210500
2024-04-04,173.17999267578125,173.75,170.0,170.67999267578125,167.93666076660156,2781100
2024-04-05,172.8800048828125,174.0800018310547,170.63999938964844,170.75,168.0055389404297,2182200
2024-04-08,170.02999877929688,171.41000366210938,168.47999572753906,168.5500030517578,165.84091186523438,2624200
2024-04-09,168.85000610351562,169.41000366210938,163.72999572753906,165.41000366210938,162.75137329101562,2358100
2024-04-10,165.4600067138672,166.74000549316406,163.57000732421875,165.16000366210938,162.50540161132812,1802400
2024-04-11,165.5399932861328,165.9499969482422,163.16000366210938,165.41000366210938,162.75137329101562,1997100
2024-04-12,166.35000610351562,166.47000122070312,161.8800048828125,162.49000549316406,159.87831115722656,2001800
2024-04-15,163.8000030517578,165.0,159.91000366210938,160.82000732421875,158.2351531982422,1589900
2024-04-16,160.80999755859375,161.1300048828125,157.60000610351562,157.8800048828125,155.3424072265625,1864200
2024-04-17,158.63999938964844,159.86000061035156,156.27999877929688,157.25,154.7225341796875,1946700
2024-04-18,157.3800048828125,157.91000366210938,152.72000122070312,153.30999755859375,150.84585571289062,2347100
2024-04-19,153.66000366210938,157.2100067138672,153.47999572753906,154.7100067138672,152.22335815429688,2760800
2024-04-22,154.42999267578125,158.3300018310547,153.08999633789062,157.0500030517578,154.52574157714844,1625500
2024-04-23,156.2100067138672,159.25,154.8800048828125,158.83999633789062,156.28697204589844,1756400
2024-04-24,157.9600067138672,158.3800048828125,156.2899932861328,157.7899932861328,155.25384521484375,1945000
2024-04-25,157.55999755859375,158.11000061035156,155.6199951171875,157.24000549316406,154.7126922607422,2617500
2024-04-26,152.5,155.83999633789062,149.5500030517578,151.41000366210938,148.97640991210938,4206700
2024-04-29,150.6999969482422,152.19000244140625,150.05999755859375,151.5399932861328,149.1042938232422,2822000
2024-04-30,150.91000366210938,150.91000366210938,143.02000427246094,143.2100067138672,140.908203125,3763900
2024-05-01,143.0399932861328,144.30999755859375,138.63999938964844,140.2100067138672,137.9564208984375,2537100
2024-05-02,141.5500030517578,144.64999389648438,141.39999389648438,143.8699951171875,141.55758666992188,2310300
2024-05-03,144.05999755859375,144.6699981689453,142.05999755859375,143.61000061035156,141.3017578125,1806100
2024-05-06,144.64999389648438,146.41000366210938,143.8699951171875,145.1199951171875,142.78749084472656,2239100
2024-05-07,145.47999572753906,146.52999877929688,144.5,145.2100067138672,142.8760528564453,2212400
2024-05-08,144.8000030517578,147.80999755859375,144.05999755859375,146.94000244140625,144.57823181152344,2919000
2024-05-09,146.97000122070312,149.22999572753906,146.97000122070312,147.72000122070312,145.345703125,2187000
2024-05-10,148.3800048828125,149.10000610351562,145.4199981689453,145.60000610351562,143.25978088378906,1808800
2024-05-13,145.8800048828125,146.6199951171875,144.75,145.0800018310547,142.74813842773438,1748000
2024-05-14,144.0,145.25999450683594,143.02000427246094,144.85000610351562,142.52183532714844,1836000
2024-05-15,144.07000732421875,146.49000549316406,142.25999450683594,146.2100067138672,143.8599853515625,1870400
2024-05-16,146.0,146.82000732421875,145.14999389648438,145.85000610351562,143.50576782226562,1630500
2024-05-17,145.5,147.60000610351562,145.10000610351562,147.0800018310547,145.86611938476562,1886300
2024-05-20,146.92999267578125,147.38999938964844,143.33999633789062,144.4199981689453,143.2280731201172,1969300
2024-05-21,144.33999633789062,145.47999572753906,143.9199981689453,144.13999938964844,142.95037841796875,1804300
2024-05-22,143.2899932861328,144.4499969482422,141.6999969482422,142.89999389648438,141.72061157226562,2441800
2024-05-23,144.0,144.3000030517578,141.6199951171875,142.19000244140625,141.0164794921875,1696800
2024-05-24,143.16000366210938,144.27999877929688,142.07000732421875,142.67999267578125,141.50242614746094,1250600
2024-05-28,142.88999938964844,144.1999969482422,141.94000244140625,142.75999450683594,141.58177185058594,1590100
2024-05-29,142.77000427246094,142.77000427246094,137.8000030517578,138.19000244140625,137.0494842529297,2220900
2024-05-30,137.69000244140625,138.8000030517578,136.99000549316406,138.38999938964844,137.24783325195312,1951200
2024-05-31,138.63999938964844,142.44000244140625,138.0,142.11000061035156,140.9371337890625,3669900
2024-06-03,142.27999877929688,142.30999755859375,137.9600067138672,138.92999267578125,137.7833709716797,2345700
2024-06-04,137.22000122070312,139.1699981689453,136.25,136.99000549316406,135.85939025878906,3147000
2024-06-05,137.5500030517578,138.0399932861328,136.1199951171875,137.38999938964844,136.25608825683594,2190400
2024-06-06,137.10000610351562,138.52999877929688,136.49000549316406,138.3699951171875,137.22799682617188,1567600
2024-06-07,137.86000061035156,139.36000061035156,136.60000610351562,138.07000732421875,136.93048095703125,1687300
2024-06-10,137.89999389648438,139.10000610351562,136.89999389648438,138.1199951171875,136.9800567626953,1861500
2024-06-11,136.94000244140625,138.3300018310547,135.47999572753906,138.2899932861328,137.14865112304688,1692600
2024-06-12,139.4499969482422,139.6699981689453,134.86000061035156,136.00999450683594,134.88748168945312,2217700
2024-06-13,136.08999633789062,138.25999450683594,134.05999755859375,137.6699981689453,136.53378295898438,3486400
2024-06-14,137.5,137.88999938964844,136.1699981689453,136.75999450683594,135.63128662109375,2107800
2024-06-17,136.4600067138672,137.69000244140625,136.00999450683594,137.2899932861328,136.1569061279297,1790800
2024-06-18,137.85000610351562,138.55999755859375,135.3300018310547,135.85000610351562,134.7288055419922,2588800
2024-06-20,135.85000610351562,139.6199951171875,135.7899932861328,137.9600067138672,136.82139587402344,2740500
2024-06-21,138.74000549316406,139.17999267578125,137.19000244140625,138.08999633789062,136.95030212402344,6463600
2024-06-24,137.02999877929688,139.5500030517578,137.02000427246094,138.5500030517578,137.40652465820312,1919200
2024-06-25,138.36000061035156,140.5399932861328,137.4499969482422,140.24000549316406,139.08258056640625,1935100
2024-06-26,140.08999633789062,140.6199951171875,137.61000061035156,139.77999877929688,138.62635803222656,1517600
2024-06-27,140.58999633789062,140.60000610351562,138.6199951171875,139.39999389648438,138.24949645996094,1847200
2024-06-28,140.6999969482422,142.19000244140625,139.22000122070312,141.1699981689453,140.00489807128906,10211500
2024-07-01,141.7100067138672,142.64999389648438,139.6999969482422,140.92999267578125,139.76686096191406,1422900
2024-07-02,141.77999877929688,143.0399932861328,139.82000732421875,140.47000122070312,139.3106689453125,2622100
2024-07-03,140.22999572753906,140.8699951171875,139.05999755859375,140.3699951171875,139.21148681640625,1081600
2024-07-05,140.16000366210938,140.5,137.49000549316406,138.39999389648438,137.25775146484375,1605500
2024-07-08,137.61000061035156,139.2100067138672,135.83999633789062,135.9499969482422,134.82797241210938,1647000
2024-07-09,133.02000427246094,135.30999755859375,132.00999450683594,132.80999755859375,131.71388244628906,2594100
2024-07-10,132.5,134.8800048828125,132.39999389648438,133.97000122070312,132.86431884765625,2052300
2024-07-11,133.89999389648438,137.30999755859375,132.77999877929688,136.9199981689453,135.7899627685547,1900200
2024-07-12,137.92999267578125,138.91000366210938,135.63999938964844,138.63999938964844,137.4957733154297,1810100
2024-07-15,139.07000732421875,140.99000549316406,138.42999267578125,140.07000732421875,138.9139862060547,1627300
2024-07-16,139.3699951171875,140.74000549316406,138.0399932861328,139.77999877929688,138.62635803222656,1570500
2024-07-17,140.32000732421875,143.0500030517578,139.8800048828125,140.74000549316406,139.5784454345703,2074700
2024-07-18,139.8699951171875,140.08999633789062,136.9499969482422,137.6999969482422,136.5635223388672,2405600
2024-07-19,138.61000061035156,139.27000427246094,136.4600067138672,138.47000122070312,137.32717895507812,1787000
2024-07-22,138.02000427246094,140.3699951171875,137.3300018310547,140.11000061035156,138.95364379882812,1688600
2024-07-23,139.50999450683594,139.89999389648438,136.52999877929688,137.07000732421875,135.93873596191406,1745900
2024-07-24,137.5,138.72000122070312,136.0500030517578,138.1699981689453,137.02964782714844,1857600
2024-07-25,138.05999755859375,143.00999450683594,137.24000549316406,142.50999450683594,141.33383178710938,2014800
2024-07-26,142.6300048828125,143.0800018310547,141.08999633789062,142.2100067138672,141.03631591796875,1813600
2024-07-29,141.2899932861328,142.22000122070312,139.41000366210938,140.41000366210938,139.2511749267578,2124000
2024-07-30,143.6699981689453,148.3699951171875,143.00999450683594,147.1699981689453,145.9553680419922,3978300
2024-07-31,149.02999877929688,150.1199951171875,145.42999267578125,145.47999572753906,144.27931213378906,2273900
2024-08-01,145.57000732421875,147.13999938964844,140.05999755859375,140.9499969482422,139.78671264648438,3315700
2024-08-02,139.0800018310547,139.39999389648438,133.02000427246094,133.75999450683594,132.6560516357422,4079000
2024-08-05,130.9499969482422,132.9499969482422,128.36000061035156,131.63999938964844,130.5535430908203,2323700
2024-08-06,132.0,135.05999755859375,131.9199981689453,133.0800018310547,131.98165893554688,2082800
2024-08-07,134.58999633789062,135.8699951171875,132.82000732421875,132.89999389648438,131.8031463623047,2146800
2024-08-08,133.0500030517578,135.85000610351562,133.0500030517578,135.4199981689453,134.30235290527344,2546700
2024-08-09,135.5500030517578,136.75,134.63999938964844,135.41000366210938,134.2924346923828,2056900
2024-08-12,136.41000366210938,137.5800018310547,135.60000610351562,135.8800048828125,134.75856018066406,1576600
2024-08-13,134.72000122070312,135.41000366210938,134.0,134.66000366210938,133.5486297607422,2463300
2024-08-14,135.27000427246094,138.1300048828125,134.9600067138672,137.6999969482422,136.5635223388672,2134400
2024-08-15,138.75,140.02999877929688,138.0399932861328,138.67999267578125,137.53543090820312,1935000
2024-08-16,137.97999572753906,139.9600067138672,137.6300048828125,138.9199981689453,137.77346801757812,1644500
2024-08-19,139.0,140.30999755859375,138.5500030517578,139.33999633789062,138.1899871826172,1833900
2024-08-20,138.19000244140625,138.33999633789062,132.22000122070312,132.38999938964844,132.38999938964844,3026500
2024-08-21,133.41000366210938,135.39999389648438,132.9499969482422,133.8800048828125,133.8800048828125,3332300
2024-08-22,133.9499969482422,134.8300018310547,132.86000061035156,133.16000366210938,133.16000366210938,1813500
2024-08-23,134.1699981689453,135.47000122070312,133.44000244140625,135.3699951171875,135.3699951171875,1911900
2024-08-26,136.10000610351562,136.94000244140625,134.2100067138672,135.22999572753906,135.22999572753906,1923600
